
-- MySQL dump 10.13  Distrib 5.7.26, for Linux (x86_64)
--
-- Host: localhost    Database: SES
-- ------------------------------------------------------
-- Server version	5.7.26-0ubuntu0.18.10.1

/*!40101 SET @OLD_CHARACTER_SET_CLIENT=@@CHARACTER_SET_CLIENT */;
/*!40101 SET @OLD_CHARACTER_SET_RESULTS=@@CHARACTER_SET_RESULTS */;
/*!40101 SET @OLD_COLLATION_CONNECTION=@@COLLATION_CONNECTION */;
/*!40101 SET NAMES utf8 */;
/*!40103 SET @OLD_TIME_ZONE=@@TIME_ZONE */;
/*!40103 SET TIME_ZONE='+00:00' */;
/*!40014 SET @OLD_UNIQUE_CHECKS=@@UNIQUE_CHECKS, UNIQUE_CHECKS=0 */;
/*!40014 SET @OLD_FOREIGN_KEY_CHECKS=@@FOREIGN_KEY_CHECKS, FOREIGN_KEY_CHECKS=0 */;
/*!40101 SET @OLD_SQL_MODE=@@SQL_MODE, SQL_MODE='NO_AUTO_VALUE_ON_ZERO' */;
/*!40111 SET @OLD_SQL_NOTES=@@SQL_NOTES, SQL_NOTES=0 */;

--
-- Table structure for table `assignment`
--

DROP TABLE IF EXISTS `assignment`;
/*!40101 SET @saved_cs_client     = @@character_set_client */;
/*!40101 SET character_set_client = utf8 */;
CREATE TABLE `assignment` (
  `assign_id` int(11) NOT NULL AUTO_INCREMENT,
  `assign_name` varchar(1000) DEFAULT NULL,
  `sid` int(11) NOT NULL,
  `scheduled_performance_date` date DEFAULT NULL,
  `scheduled_submission_date` date DEFAULT NULL,
  PRIMARY KEY (`assign_id`),
  KEY `fk3` (`sid`),
  CONSTRAINT `fk3` FOREIGN KEY (`sid`) REFERENCES `subject` (`sid`) ON DELETE CASCADE
) ENGINE=InnoDB AUTO_INCREMENT=15 DEFAULT CHARSET=latin1;
/*!40101 SET character_set_client = @saved_cs_client */;

--
-- Dumping data for table `assignment`
--

LOCK TABLES `assignment` WRITE;
/*!40000 ALTER TABLE `assignment` DISABLE KEYS */;
INSERT INTO `assignment` VALUES (12,'Study and design a database with suitable example using followingdatabase systems:? Relational: SQL / PostgreSQL / MySQL? Key-value: Riak / Redis? Columnar: Hbase? Document: MongoDB / CouchDB? Graph: Neo4JCompare the different database systems based on p',2,NULL,'2019-06-22'),(13,'Install and configure client and server for MySQL and MongoDB(Show all commands and necessary steps for installation andconfiguration).',2,NULL,'2019-06-29'),(14,'Study the SQLite database and its uses. Also elaborate on buildingand installing of SQLite.',2,NULL,'2019-06-29');
/*!40000 ALTER TABLE `assignment` ENABLE KEYS */;
UNLOCK TABLES;

--
-- Table structure for table `attendance`
--

DROP TABLE IF EXISTS `attendance`;
/*!40101 SET @saved_cs_client     = @@character_set_client */;
/*!40101 SET character_set_client = utf8 */;
CREATE TABLE `attendance` (
  `roll_no` int(11) NOT NULL,
  `attendance` smallint(6) NOT NULL DEFAULT '0',
  KEY `roll_no` (`roll_no`),
  CONSTRAINT `attendance_ibfk_1` FOREIGN KEY (`roll_no`) REFERENCES `student` (`roll_no`) ON DELETE CASCADE
) ENGINE=InnoDB DEFAULT CHARSET=latin1;
/*!40101 SET character_set_client = @saved_cs_client */;

--
-- Dumping data for table `attendance`
--

LOCK TABLES `attendance` WRITE;
/*!40000 ALTER TABLE `attendance` DISABLE KEYS */;
INSERT INTO `attendance` VALUES (33301,85),(33302,91),(33303,72),(33304,80),(33305,80),(33306,68),(33307,70),(33308,84),(33309,78),(33310,0),(33311,79),(33312,79),(33313,69),(33314,66),(33315,71),(33316,74),(33317,76),(33318,82),(33319,71),(33320,72),(33321,83),(33322,69),(33333,86),(33324,89),(33325,77),(33326,90),(33327,78),(33328,71),(33329,84),(33330,75),(33331,80),(33332,80),(33334,88),(33335,84),(33336,76),(33337,4),(33338,80),(33339,83),(33340,70),(33341,96),(33342,84),(33343,77),(33344,79),(33345,76),(33346,79),(33347,91),(33348,81),(33349,76),(33350,82),(33351,88),(33352,73),(33353,66),(33354,87),(33355,70),(33356,76),(33357,67),(33358,80),(33359,76),(33360,66),(33361,92),(33362,91),(33363,90),(33364,89),(33365,91),(33366,88),(33367,85),(33368,86),(33369,63),(33370,95),(33371,84),(33372,78),(33373,96),(33374,56),(23301,85),(23302,91),(23303,72),(23304,80),(23305,80),(23306,68),(23307,70),(23308,84),(23309,78),(23310,0),(23311,79),(23312,79),(23313,69),(23314,66),(23315,71),(23316,74),(23317,76),(23318,82),(23319,71),(23320,72),(23321,83),(23322,69),(23323,86),(23324,89),(23325,77),(23326,90),(23327,78),(23328,71),(23329,84),(23330,75),(23331,80),(23332,80),(23334,88),(23335,84),(23336,76),(23337,4),(23338,80),(23339,83),(23340,70),(23341,96),(23342,84),(23343,77),(23344,79),(23345,76),(23346,79),(23347,91),(23348,81),(23349,76),(23350,82),(23351,88),(23352,73),(23353,66),(23354,87),(23355,70),(23356,76),(23357,67),(23358,80),(23359,76),(23360,66),(23361,92),(23362,91),(23363,90),(23364,89),(23365,91),(23366,88),(23367,85),(23368,86),(23369,63),(23370,95),(23371,84),(23372,78),(23373,96),(23374,56),(23375,88),(23376,94),(23377,89),(23378,80),(23379,82),(23380,87),(23381,88),(23382,72);
/*!40000 ALTER TABLE `attendance` ENABLE KEYS */;
UNLOCK TABLES;

--
-- Table structure for table `authenticate`
--

DROP TABLE IF EXISTS `authenticate`;
/*!40101 SET @saved_cs_client     = @@character_set_client */;
/*!40101 SET character_set_client = utf8 */;
CREATE TABLE `authenticate` (
  `uname` varchar(30) NOT NULL,
  `password` varchar(30) NOT NULL,
  `acc_type` varchar(20) NOT NULL
) ENGINE=InnoDB DEFAULT CHARSET=latin1;
/*!40101 SET character_set_client = @saved_cs_client */;

--
-- Dumping data for table `authenticate`
--

LOCK TABLES `authenticate` WRITE;
/*!40000 ALTER TABLE `authenticate` DISABLE KEYS */;
INSERT INTO `authenticate` VALUES ('admin','Admin@123','admin'),('emp1','Emp@123','teacher'),('emp2','123456','teacher'),('emp3','123456','teacher'),('emp4','123456','teacher'),('emp5','123456','teacher'),('emp6','123456','teacher'),('emp7','123456','teacher'),('emp8','123456','teacher'),('emp9','123456','teacher'),('emp10','123456','teacher'),('emp11','123456','teacher'),('emp12','123456','teacher'),('emp13','123456','teacher'),('emp14','123456','teacher'),('emp15','123456','teacher'),('emp16','123456','teacher'),('emp17','123456','teacher'),('emp18','123456','teacher'),('emp37','123456','teacher');
/*!40000 ALTER TABLE `authenticate` ENABLE KEYS */;
UNLOCK TABLES;

--
-- Table structure for table `batch`
--

DROP TABLE IF EXISTS `batch`;
/*!40101 SET @saved_cs_client     = @@character_set_client */;
/*!40101 SET character_set_client = utf8 */;
CREATE TABLE `batch` (
  `bid` varchar(20) NOT NULL,
  `strength` smallint(6) NOT NULL,
  PRIMARY KEY (`bid`)
) ENGINE=InnoDB DEFAULT CHARSET=latin1;
/*!40101 SET character_set_client = @saved_cs_client */;

--
-- Dumping data for table `batch`
--

LOCK TABLES `batch` WRITE;
/*!40000 ALTER TABLE `batch` DISABLE KEYS */;
INSERT INTO `batch` VALUES ('K-11',19),('N-11',20);
/*!40000 ALTER TABLE `batch` ENABLE KEYS */;
UNLOCK TABLES;

--
-- Table structure for table `batch_has_students`
--

DROP TABLE IF EXISTS `batch_has_students`;
/*!40101 SET @saved_cs_client     = @@character_set_client */;
/*!40101 SET character_set_client = utf8 */;
CREATE TABLE `batch_has_students` (
  `roll_no` int(11) NOT NULL,
  `bid` varchar(20) NOT NULL,
  KEY `roll_no` (`roll_no`),
  KEY `bid` (`bid`),
  CONSTRAINT `batch_has_students_ibfk_1` FOREIGN KEY (`roll_no`) REFERENCES `student` (`roll_no`) ON DELETE CASCADE,
  CONSTRAINT `batch_has_students_ibfk_2` FOREIGN KEY (`bid`) REFERENCES `batch` (`bid`) ON DELETE CASCADE
) ENGINE=InnoDB DEFAULT CHARSET=latin1;
/*!40101 SET character_set_client = @saved_cs_client */;

--
-- Dumping data for table `batch_has_students`
--

LOCK TABLES `batch_has_students` WRITE;
/*!40000 ALTER TABLE `batch_has_students` DISABLE KEYS */;
INSERT INTO `batch_has_students` VALUES (33355,'N-11'),(33356,'N-11'),(33357,'N-11'),(33358,'N-11'),(33359,'N-11'),(33360,'N-11'),(33361,'N-11'),(33362,'N-11'),(33363,'N-11'),(33364,'N-11'),(33365,'N-11'),(33366,'N-11'),(33367,'N-11'),(33368,'N-11'),(33369,'N-11'),(33370,'N-11'),(33371,'N-11'),(33372,'N-11'),(33373,'N-11'),(33374,'N-11'),(33301,'K-11'),(33302,'K-11'),(33303,'K-11'),(33304,'K-11'),(33305,'K-11'),(33306,'K-11'),(33307,'K-11'),(33308,'K-11'),(33309,'K-11'),(33310,'K-11'),(33311,'K-11'),(33312,'K-11'),(33313,'K-11'),(33314,'K-11'),(33315,'K-11'),(33316,'K-11'),(33317,'K-11'),(33318,'K-11'),(33319,'K-11');
/*!40000 ALTER TABLE `batch_has_students` ENABLE KEYS */;
UNLOCK TABLES;

--
-- Table structure for table `class`
--

DROP TABLE IF EXISTS `class`;
/*!40101 SET @saved_cs_client     = @@character_set_client */;
/*!40101 SET character_set_client = utf8 */;
CREATE TABLE `class` (
  `cid` varchar(20) NOT NULL,
  `strength` smallint(6) NOT NULL,
  PRIMARY KEY (`cid`)
) ENGINE=InnoDB DEFAULT CHARSET=latin1;
/*!40101 SET character_set_client = @saved_cs_client */;

--
-- Dumping data for table `class`
--

LOCK TABLES `class` WRITE;
/*!40000 ALTER TABLE `class` DISABLE KEYS */;
INSERT INTO `class` VALUES ('BE-09',75),('SE-09',75),('SE-10',75),('SE-11',82),('TE-09',75),('TE-10',75),('TE-11',75);
/*!40000 ALTER TABLE `class` ENABLE KEYS */;
UNLOCK TABLES;

--
-- Table structure for table `class_has_batch`
--

DROP TABLE IF EXISTS `class_has_batch`;
/*!40101 SET @saved_cs_client     = @@character_set_client */;
/*!40101 SET character_set_client = utf8 */;
CREATE TABLE `class_has_batch` (
  `cid` varchar(20) DEFAULT NULL,
  `bid` varchar(20) DEFAULT NULL,
  KEY `fk_cb` (`cid`),
  KEY `fk_cbb` (`bid`),
  CONSTRAINT `fk_cb` FOREIGN KEY (`cid`) REFERENCES `class` (`cid`) ON DELETE CASCADE,
  CONSTRAINT `fk_cbb` FOREIGN KEY (`bid`) REFERENCES `batch` (`bid`) ON DELETE CASCADE
) ENGINE=InnoDB DEFAULT CHARSET=latin1;
/*!40101 SET character_set_client = @saved_cs_client */;

--
-- Dumping data for table `class_has_batch`
--

LOCK TABLES `class_has_batch` WRITE;
/*!40000 ALTER TABLE `class_has_batch` DISABLE KEYS */;
INSERT INTO `class_has_batch` VALUES ('TE-11','N-11'),('TE-11','K-11');
/*!40000 ALTER TABLE `class_has_batch` ENABLE KEYS */;
UNLOCK TABLES;

--
-- Table structure for table `class_has_students`
--

DROP TABLE IF EXISTS `class_has_students`;
/*!40101 SET @saved_cs_client     = @@character_set_client */;
/*!40101 SET character_set_client = utf8 */;
CREATE TABLE `class_has_students` (
  `roll_no` int(11) NOT NULL,
  `cid` varchar(20) NOT NULL,
  KEY `roll_no` (`roll_no`),
  KEY `cid` (`cid`),
  CONSTRAINT `class_has_students_ibfk_1` FOREIGN KEY (`roll_no`) REFERENCES `student` (`roll_no`) ON DELETE CASCADE,
  CONSTRAINT `class_has_students_ibfk_2` FOREIGN KEY (`cid`) REFERENCES `class` (`cid`) ON DELETE CASCADE
) ENGINE=InnoDB DEFAULT CHARSET=latin1;
/*!40101 SET character_set_client = @saved_cs_client */;

--
-- Dumping data for table `class_has_students`
--

LOCK TABLES `class_has_students` WRITE;
/*!40000 ALTER TABLE `class_has_students` DISABLE KEYS */;
INSERT INTO `class_has_students` VALUES (23101,'SE-09'),(23102,'SE-09'),(23103,'SE-09'),(23104,'SE-09'),(23105,'SE-09'),(23106,'SE-09'),(23107,'SE-09'),(23108,'SE-09'),(23109,'SE-09'),(23110,'SE-09'),(23111,'SE-09'),(23112,'SE-09'),(23113,'SE-09'),(23114,'SE-09'),(23115,'SE-09'),(23116,'SE-09'),(23117,'SE-09'),(23118,'SE-09'),(23119,'SE-09'),(23120,'SE-09'),(23121,'SE-09'),(23122,'SE-09'),(23123,'SE-09'),(23124,'SE-09'),(23125,'SE-09'),(23126,'SE-09'),(23127,'SE-09'),(23128,'SE-09'),(23129,'SE-09'),(23130,'SE-09'),(23131,'SE-09'),(23132,'SE-09'),(23133,'SE-09'),(23134,'SE-09'),(23135,'SE-09'),(23136,'SE-09'),(23137,'SE-09'),(23138,'SE-09'),(23139,'SE-09'),(23140,'SE-09'),(23141,'SE-09'),(23142,'SE-09'),(23143,'SE-09'),(23144,'SE-09'),(23145,'SE-09'),(23146,'SE-09'),(23147,'SE-09'),(23148,'SE-09'),(23149,'SE-09'),(23150,'SE-09'),(23151,'SE-09'),(23152,'SE-09'),(23153,'SE-09'),(23154,'SE-09'),(23155,'SE-09'),(23156,'SE-09'),(23157,'SE-09'),(23158,'SE-09'),(23159,'SE-09'),(23160,'SE-09'),(23161,'SE-09'),(23162,'SE-09'),(23163,'SE-09'),(23164,'SE-09'),(23165,'SE-09'),(23166,'SE-09'),(23168,'SE-09'),(23201,'SE-10'),(23202,'SE-10'),(23203,'SE-10'),(23204,'SE-10'),(23205,'SE-10'),(23206,'SE-10'),(23207,'SE-10'),(23208,'SE-10'),(23209,'SE-10'),(23210,'SE-10'),(23211,'SE-10'),(23212,'SE-10'),(23213,'SE-10'),(23214,'SE-10'),(23215,'SE-10'),(23216,'SE-10'),(23217,'SE-10'),(23218,'SE-10'),(23219,'SE-10'),(23220,'SE-10'),(23221,'SE-10'),(23222,'SE-10'),(23223,'SE-10'),(23224,'SE-10'),(23226,'SE-10'),(23227,'SE-10'),(23228,'SE-10'),(23229,'SE-10'),(23230,'SE-10'),(23231,'SE-10'),(23232,'SE-10'),(23233,'SE-10'),(23234,'SE-10'),(23235,'SE-10'),(23236,'SE-10'),(23237,'SE-10'),(23238,'SE-10'),(23239,'SE-10'),(23240,'SE-10'),(23241,'SE-10'),(23242,'SE-10'),(23243,'SE-10'),(23244,'SE-10'),(23245,'SE-10'),(23246,'SE-10'),(23247,'SE-10'),(23248,'SE-10'),(23249,'SE-10'),(23250,'SE-10'),(23251,'SE-10'),(23252,'SE-10'),(23253,'SE-10'),(23254,'SE-10'),(23255,'SE-10'),(23256,'SE-10'),(23257,'SE-10'),(23258,'SE-10'),(23259,'SE-10'),(23260,'SE-10'),(23261,'SE-10'),(23262,'SE-10'),(23264,'SE-10'),(23265,'SE-10'),(23266,'SE-10'),(23268,'SE-10'),(23269,'SE-10'),(23270,'SE-10'),(23301,'SE-11'),(23302,'SE-11'),(23303,'SE-11'),(23304,'SE-11'),(23305,'SE-11'),(23306,'SE-11'),(23307,'SE-11'),(23308,'SE-11'),(23309,'SE-11'),(23310,'SE-11'),(23311,'SE-11'),(23312,'SE-11'),(23313,'SE-11'),(23314,'SE-11'),(23315,'SE-11'),(23316,'SE-11'),(23317,'SE-11'),(23318,'SE-11'),(23319,'SE-11'),(23320,'SE-11'),(23321,'SE-11'),(23322,'SE-11'),(23323,'SE-11'),(23324,'SE-11'),(23325,'SE-11'),(23326,'SE-11'),(23327,'SE-11'),(23328,'SE-11'),(23329,'SE-11'),(23330,'SE-11'),(23331,'SE-11'),(23332,'SE-11'),(23334,'SE-11'),(23335,'SE-11'),(23336,'SE-11'),(23337,'SE-11'),(23338,'SE-11'),(23339,'SE-11'),(23340,'SE-11'),(23341,'SE-11'),(23342,'SE-11'),(23343,'SE-11'),(23344,'SE-11'),(23345,'SE-11'),(23346,'SE-11'),(23347,'SE-11'),(23348,'SE-11'),(23349,'SE-11'),(23350,'SE-11'),(23351,'SE-11'),(23352,'SE-11'),(23353,'SE-11'),(23354,'SE-11'),(23355,'SE-11'),(23356,'SE-11'),(23357,'SE-11'),(23358,'SE-11'),(23359,'SE-11'),(23360,'SE-11'),(23361,'SE-11'),(23362,'SE-11'),(23363,'SE-11'),(23364,'SE-11'),(23365,'SE-11'),(23366,'SE-11'),(23367,'SE-11'),(23368,'SE-11'),(23369,'SE-11'),(23370,'SE-11'),(23371,'SE-11'),(23372,'SE-11'),(23373,'SE-11'),(23374,'SE-11'),(23375,'SE-11'),(23376,'SE-11'),(23377,'SE-11'),(23378,'SE-11'),(23379,'SE-11'),(23380,'SE-11'),(23381,'SE-11'),(23382,'SE-11'),(33101,'TE-09'),(33102,'TE-09'),(33103,'TE-09'),(33104,'TE-09'),(33105,'TE-09'),(33106,'TE-09'),(33107,'TE-09'),(33108,'TE-09'),(33109,'TE-09'),(33110,'TE-09'),(33111,'TE-09'),(33112,'TE-09'),(33113,'TE-09'),(33114,'TE-09'),(33115,'TE-09'),(33116,'TE-09'),(33117,'TE-09'),(33118,'TE-09'),(33119,'TE-09'),(33120,'TE-09'),(33121,'TE-09'),(33122,'TE-09'),(33123,'TE-09'),(33124,'TE-09'),(33125,'TE-09'),(33126,'TE-09'),(33127,'TE-09'),(33128,'TE-09'),(33129,'TE-09'),(33130,'TE-09'),(33131,'TE-09'),(33132,'TE-09'),(33133,'TE-09'),(33134,'TE-09'),(33135,'TE-09'),(33136,'TE-09'),(33137,'TE-09'),(33138,'TE-09'),(33139,'TE-09'),(33140,'TE-09'),(33141,'TE-09'),(33142,'TE-09'),(33143,'TE-09'),(33144,'TE-09'),(33145,'TE-09'),(33146,'TE-09'),(33147,'TE-09'),(33148,'TE-09'),(33149,'TE-09'),(33150,'TE-09'),(33151,'TE-09'),(33152,'TE-09'),(33153,'TE-09'),(33154,'TE-09'),(33155,'TE-09'),(33156,'TE-09'),(33157,'TE-09'),(33158,'TE-09'),(33159,'TE-09'),(33160,'TE-09'),(33161,'TE-09'),(33162,'TE-09'),(33163,'TE-09'),(33164,'TE-09'),(33165,'TE-09'),(33166,'TE-09'),(33167,'TE-09'),(33168,'TE-09'),(33169,'TE-09'),(33170,'TE-09'),(33171,'TE-09'),(33172,'TE-09'),(33173,'TE-09'),(33174,'TE-09'),(33175,'TE-09'),(33176,'TE-09'),(33177,'TE-09'),(33178,'TE-09'),(33201,'TE-10'),(33202,'TE-10'),(33204,'TE-10'),(33205,'TE-10'),(33206,'TE-10'),(33207,'TE-10'),(33208,'TE-10'),(33209,'TE-10'),(33210,'TE-10'),(33211,'TE-10'),(33212,'TE-10'),(33213,'TE-10'),(33214,'TE-10'),(33215,'TE-10'),(33216,'TE-10'),(33217,'TE-10'),(33218,'TE-10'),(33219,'TE-10'),(33220,'TE-10'),(33221,'TE-10'),(33222,'TE-10'),(33223,'TE-10'),(33224,'TE-10'),(33225,'TE-10'),(33226,'TE-10'),(33227,'TE-10'),(33228,'TE-10'),(33229,'TE-10'),(33230,'TE-10'),(33231,'TE-10'),(33232,'TE-10'),(33233,'TE-10'),(33234,'TE-10'),(33235,'TE-10'),(33236,'TE-10'),(33237,'TE-10'),(33238,'TE-10'),(33239,'TE-10'),(33240,'TE-10'),(33241,'TE-10'),(33242,'TE-10'),(33243,'TE-10'),(33244,'TE-10'),(33245,'TE-10'),(33246,'TE-10'),(33247,'TE-10'),(33248,'TE-10'),(33249,'TE-10'),(33250,'TE-10'),(33251,'TE-10'),(33252,'TE-10'),(33253,'TE-10'),(33254,'TE-10'),(33255,'TE-10'),(33256,'TE-10'),(33257,'TE-10'),(33258,'TE-10'),(33259,'TE-10'),(33260,'TE-10'),(33261,'TE-10'),(33262,'TE-10'),(33263,'TE-10'),(33264,'TE-10'),(33265,'TE-10'),(33266,'TE-10'),(33267,'TE-10'),(33268,'TE-10'),(33269,'TE-10'),(33270,'TE-10'),(33271,'TE-10'),(33272,'TE-10'),(33273,'TE-10'),(33274,'TE-10'),(33275,'TE-10'),(33276,'TE-10'),(33301,'TE-11'),(33302,'TE-11'),(33303,'TE-11'),(33304,'TE-11'),(33305,'TE-11'),(33306,'TE-11'),(33307,'TE-11'),(33308,'TE-11'),(33309,'TE-11'),(33310,'TE-11'),(33311,'TE-11'),(33312,'TE-11'),(33313,'TE-11'),(33314,'TE-11'),(33315,'TE-11'),(33316,'TE-11'),(33317,'TE-11'),(33318,'TE-11'),(33319,'TE-11'),(33320,'TE-11'),(33321,'TE-11'),(33322,'TE-11'),(33323,'TE-11'),(33324,'TE-11'),(33325,'TE-11'),(33326,'TE-11'),(33327,'TE-11'),(33328,'TE-11'),(33329,'TE-11'),(33330,'TE-11'),(33331,'TE-11'),(33332,'TE-11'),(33333,'TE-11'),(33334,'TE-11'),(33335,'TE-11'),(33336,'TE-11'),(33337,'TE-11'),(33338,'TE-11'),(33339,'TE-11'),(33340,'TE-11'),(33341,'TE-11'),(33342,'TE-11'),(33343,'TE-11'),(33344,'TE-11'),(33345,'TE-11'),(33346,'TE-11'),(33347,'TE-11'),(33348,'TE-11'),(33349,'TE-11'),(33350,'TE-11'),(33351,'TE-11'),(33352,'TE-11'),(33353,'TE-11'),(33354,'TE-11'),(33355,'TE-11'),(33356,'TE-11'),(33357,'TE-11'),(33358,'TE-11'),(33359,'TE-11'),(33360,'TE-11'),(33361,'TE-11'),(33362,'TE-11'),(33363,'TE-11'),(33364,'TE-11'),(33365,'TE-11'),(33366,'TE-11'),(33367,'TE-11'),(33368,'TE-11'),(33369,'TE-11'),(33370,'TE-11'),(33371,'TE-11'),(33372,'TE-11'),(33373,'TE-11'),(33374,'TE-11');
/*!40000 ALTER TABLE `class_has_students` ENABLE KEYS */;
UNLOCK TABLES;

--
-- Table structure for table `student`
--

DROP TABLE IF EXISTS `student`;
/*!40101 SET @saved_cs_client     = @@character_set_client */;
/*!40101 SET character_set_client = utf8 */;
CREATE TABLE `student` (
  `roll_no` int(11) NOT NULL,
  `student_name` varchar(50) NOT NULL,
  PRIMARY KEY (`roll_no`)
) ENGINE=InnoDB DEFAULT CHARSET=latin1;
/*!40101 SET character_set_client = @saved_cs_client */;

--
-- Dumping data for table `student`
--

LOCK TABLES `student` WRITE;
/*!40000 ALTER TABLE `student` DISABLE KEYS */;
INSERT INTO `student` VALUES (23101,'THAKUR ABHINAV KUMAR'),(23102,'BALDWA ADITYA RAVINDRA'),(23103,'AGASHE ABHISHEK DILIP'),(23104,'TIKHE AJINKYA ANIL'),(23105,'HOLEY AMEY ANILRAO'),(23106,'PATWARDHAN ANIRUDDHA MANISH'),(23107,'ASUDANI GAURAV RAJESH'),(23108,'BADGUJAR SAURABH RAMESH'),(23109,'BANERJI ANKUR'),(23110,'BHAGAT PRINCE SUKHADEV'),(23111,'THALYARI BHAWANA'),(23112,'BODAPATI NIKHIL JAGANNADHA'),(23113,'BURAD YASH PRAFULLA'),(23114,'CHAVAN KUSHANK AVINASH'),(23115,'VOHRA CHIRAG AJAY'),(23116,'DABIR OMKAR SANDEEP'),(23117,'JAIN DARSHAN LALIT'),(23118,'DEORE KALPESH SANJAY'),(23119,'DESHMUKH SOURABH NARESH'),(23120,'DHAVALSHANKH SAKSHI CHANDRAKUMAR'),(23121,'AGRAWAL DIVYANSHI'),(23122,'GANDHI SEJAL MAHESH'),(23123,'DHOK GAURAV SHAMRAO'),(23124,'GHAG SHANAY RAJESH'),(23125,'GODE SNEHAL RAMNATH'),(23126,'GOURKAR VISHWESHWAR NARAYAN'),(23127,'BABAR HRITHVIKA KIRAN'),(23128,'JADHAV OMKAR UDAY'),(23129,'JAUNJALE PRITHVI SANJAY'),(23130,'KADAM ABHISHEK NARAYAN'),(23131,'KANDI ADITYA SHIVNATH'),(23132,'KOCHETA JEEVAN SACHIN'),(23133,'KULKARNI MIHIR RAJENDRA'),(23134,'KUMBHAKARNA DARSHANA RAVINDRA'),(23135,'MAHANT GAURAV DILIP'),(23136,'MALU AKSHAY SHYAM'),(23137,'MARDA VIBHA MAHESH'),(23138,'MORE PRATIK PRASHANT'),(23139,'NAIR VINAY PREMCHANDRAN'),(23140,'TELWANE OJAS SANTOSH'),(23141,'PARMAR MANASI RAJU'),(23142,'PATIL HRUSHIKESH SUBHASH'),(23143,'PATIL RUTWIJ PRASHANT'),(23144,'PATIL SAURABH VITTHAL'),(23145,'SONAWANE PRAJWAL JANARDHAN'),(23146,'SANGAOKAR PRATYUSH SACHIN'),(23147,'RANBHARE ROHIT SUBHASH'),(23148,'RATHI JAYESH PRAVIN'),(23149,'RATHOD SHAM DARASING'),(23150,'DESHPANDE SAARTH'),(23151,'SALAVE AKASH ADHIKRAO'),(23152,'SALUNKHE SANJANA SATISH'),(23153,'SHAH AYUSH DINESH'),(23154,'SHINDE VIPUL VIKAS'),(23155,'JAJU SHIVAM MANOJ'),(23156,'AGRAWAL SHREYAS SHIRISH'),(23157,'RATHI SIDDHANT SACHIN'),(23158,'SONAWANE SPARSH UMESH'),(23159,'DROLIA SPARSH SANJAY'),(23160,'TANDURE VINIT RAJKUMAR'),(23161,'TODMAL PRIYADARSHAN SATISH'),(23162,'UNDE NAVNEETA ASHOK'),(23163,'VELANKAR ABHISHEK VISHWAS'),(23164,'UGALE SHANTANU GANGARAM'),(23165,'BHARDWAJ VANSHREE'),(23166,'DHOPTE PRATIK PRAMODRAO'),(23168,'PAWAR PRATIK RAJU'),(23201,'MUNDADA ABHISHEK ATULKUMAR'),(23202,'ADSULE NIKITA RAJENDRAKUMAR'),(23203,'AGRAWAL AKSHAD GOPAL'),(23204,'BRAHMANKAR AJINKYA SOMESHWAR'),(23205,'KHANDELWAL ANANT NILESH'),(23206,'SABLE ANUP UTTAMRAO'),(23207,'CHAVAN ATHARV VIJAY'),(23208,'BAHEKAR SHASHIKANT RAJENDRA'),(23209,'BARDE UTKARSHA GORAKSHANATH'),(23210,'BHANDARI RAMAN GOVIND'),(23211,'BHOPE OMKAR SANDEEP'),(23212,'BORA NIHAL SANDEEP'),(23213,'CHANDAK GUNJAN NITIN'),(23214,'CHAWAK PRADYUMNA MILIND'),(23215,'CHORAGE SHUBHAM SANDIP'),(23216,'DAIGAVANE PRATIK KISHOR'),(23217,'VETAL DATTATRAY VIJAY'),(23218,'DESHMANE JANHAVI SUDHIR'),(23219,'DHANUKA PUNEET SHAILESH'),(23220,'DHOLE RUSHIKESH ARVIND'),(23221,'MISHRA ELLIKA'),(23222,'GARJE SHIVAM SUBHASH'),(23223,'GHATI GAURAV K'),(23224,'GHUGE AJINKYA SHRINIVAS'),(23226,'GUNJAL SAHIL SANJAY'),(23227,'HUSAIN MURTUZA NADEEM'),(23228,'JADHAV SAHIL SANJEEV'),(23229,'JITURI ATHARVA MILIND'),(23230,'KADAM DHANSHREE GOVINDRAO'),(23231,'KAVHALE DEEPAK ANKUSH'),(23232,'KOLHE AJIT ABHIMANYU'),(23233,'KULKARNI PRATHMESH PRAVIN'),(23234,'LANDGE RUSHIKESH VIJAY'),(23235,'MAHINDRAKAR PARIMAL NANDKUMAR'),(23236,'MANE VAISHNAVI ASHOK'),(23237,'KEDIA MEHUL HITESH'),(23238,'MUNDADA VYANKATESH ASHISH'),(23239,'MAHAJAN NAYAN SUDESH'),(23240,'PALLOD VAIBHAV SHYAMSUNDAR'),(23241,'ARANKE PARTH VIVEK'),(23242,'PATIL KSHITIJ VILAS'),(23243,'PATIL SANKET DIGAMBAR'),(23244,'PHADE SAKSHEE SANDEEP'),(23245,'PATANKAR PRAJWAL PRAKASH'),(23246,'KHANDELWAL RAGHAV RAMESH'),(23247,'RANE TANISHK SHAILENDRA'),(23248,'RATHI VAISHNAVI VINOD'),(23249,'PAWAR ROHIT ARUN'),(23250,'SAKHRANI HARSH SANTOSH'),(23251,'PAREKH SALONI PURAN'),(23252,'SAOJI ANUJ ANAND'),(23253,'SHARMA ONKAR ANIL'),(23254,'SHIRALKAR PRATHAMESH NARENDRA'),(23255,'SHRAOGI MUSKAAN CHETANKUMAR'),(23256,'KALRAO SHREYAS SANJAY'),(23257,'GAIKWAD SOMESHWAR KIRAN'),(23258,'SONTAKKE SUSHANT MOHAN'),(23259,'SURYAWANSHI VENKATESH TUKARAM'),(23260,'PARDESHI TANMAY SUDHIR'),(23261,'TOPE ARNAV AMOL'),(23262,'ATRE UTKARSH VILAS'),(23264,'RATHI YASH SUNIL'),(23265,'BHUSAL PRANIL BAPUSAHEB'),(23266,'KULKARNI SANYUKTA SANDEEP'),(23268,'DEORE SAKSHI DINESH'),(23269,'KEER PRAJAKTA CHANDRASHEKHAR'),(23270,'AGRAWAL AMISHA ANUPKUMAR'),(23301,'SRIVASTAVA ADITI'),(23302,'AGARWAL SUYASH RAJAT'),(23303,'AGRAWAL HARSHITA MANISH'),(23304,'PANDITA AKASHI'),(23305,'SINGH ANANYA'),(23306,'KAUL ARSH'),(23307,'AVHAD ADITYA SANJAY'),(23308,'BAKALE SANSKRUTI HEMANT'),(23309,'BHADALE SAKSHI VISHWAS'),(23310,'BHARMAL KAUSTUBH DEEPAK'),(23311,'GAJARE BHUSHAN VISHWANATH'),(23312,'BORSE JAYESH PRAKASH'),(23313,'CHANDAK SHREERANG KAMAL'),(23314,'CHANDRAMORE CHETNA SUNIL'),(23315,'CHUTTAR BHAVIKA RAHUL'),(23316,'DANDAVATE PARTH GIRISH'),(23317,'DEOKATE VAISHNAVI AVINASH'),(23318,'DESHMUKH PRITEE ASHOK'),(23319,'DHATRAK RUTUJA SUDAM'),(23320,'NADKAR DHRUV ABHIJEET'),(23321,'GAIKWAD DHANASHREE DHANRAJ'),(23322,'GARJE SHUBHAM RAMESHRAO'),(23323,'GAVHANE YASHRAJ MAHADEV'),(23324,'GHULE SHUBHAM SHIVAJI'),(23325,'GORE AMOL SHANKAR'),(23326,'ZAMAD HITESH DHANRAJ'),(23327,'JADHAV JAYESH DHANRAJ'),(23328,'JAIN ROSHAN BRAJESH'),(23329,'JOSHI ADITYA VISHAL'),(23330,'KANADE VAIBHAV CHANDRAKANT'),(23331,'KHAIRE ADITYA KUMAR'),(23332,'MEWANI KRISHIV NIRANJAN'),(23334,'MAHAJAN KIRAN SURESH'),(23335,'MALLAWAT PRIYANKA LAXMINIWAS'),(23336,'MANGLANI HARSHAD GUL'),(23337,'MORE ADITEE DEEPAK'),(23338,'NAGRALE MRUDUL NARESH'),(23339,'NEMADE SHUBHAM NARENDRA'),(23340,'PARAKH BHAVESH JAYANTILAL'),(23341,'PATANKAR TANAY PRADIP'),(23342,'PATIL MANASI MANASING'),(23343,'PATIL SATYAJEET MAHENDRA'),(23344,'SALVE POOJA NITIN'),(23345,'MAGDUM PRASAD KUMAR'),(23346,'RAJPUT SAKSHI KISHOR'),(23347,'AVHAD RANVEER KISHOR'),(23348,'RATHOD KIRAN ARJUN'),(23349,'PARDESHI ROHIT MILIND'),(23350,'MALANI SAKSHI MANISH'),(23351,'SALUNKE SHUBHAM RAJU'),(23352,'SURANGLIKAR SAVANI'),(23353,'SALUJA SHARSHDEEP SATBIR'),(23354,'SHIRNATH KIRTI RAJU'),(23355,'KAPRATWAR SHREY CHANDRAKANT'),(23356,'PARKHE SHUBHAM NAVNATH'),(23357,'SONAWANE SANDESH CHANDRAKANT'),(23358,'MALGONDE SOUMYA PRAKASH'),(23359,'MUJTABA HADI JAFRI SYED'),(23360,'THAKARE ROHIT BHASKAR'),(23361,'JOSHI AVANTI RAVINDRA'),(23362,'BHAWARI POONAM GENBHAU'),(23363,'SHINDE MANASI SHASHIKANT'),(23364,'DHONGDI SHILPA PARSHRAM'),(23365,'MORE RUTUJA RAMKRISHNA'),(23366,'PANGAVHANE RUTURAJ AVINASH'),(23367,'WAGHAMARE VAIBHAV RAMKRUSHN'),(23368,'GODE CHAKSHUTA PANDHARINATH'),(23369,'SALUNKHE SWAPNA RAMDAS'),(23370,'AWARE NIKITA SOMNATH'),(23371,'DHANAVATE SHUBHANGI BALASAHEB'),(23372,'GAIKWAD KOMAL SUNIL'),(23373,'PAWAR RITU BALIRAM'),(23374,'UPADHYAY VISHAL CHANDRAPRAKASH'),(23375,'CHOUGULE POOJA RAJKUMAR'),(23376,'RANMALE RASHMI SANTOSH'),(23377,'DHULAM SANGEETA SANJAY'),(23378,'PANDEY NISHANT DHARMENDRA'),(23379,'WAGHMODE SURESH MANIK'),(23380,'GHODEGAONKAR YASH SANJAY'),(23381,'PATIL MANORAMA PANDITRAO'),(23382,'HARNE ISHA AJAY'),(33101,'ABHISHEK N BORWANKAR'),(33102,'AGRAWAL KAPIL SATISH'),(33103,'AKHIL SHAJI'),(33104,'GANDHI AMOL DILIP'),(33105,'PANDITA ARCHIT RAVI'),(33106,'ASAWA JAYESH SANTOSH'),(33107,'PATANI AYUSHI NIKHIL'),(33108,'BAKSHI ANSHUL SURYA'),(33109,'BHAGURKAR KUSHAGRA SUHAS'),(33110,'KOTHARI BHARAT ANIL'),(33111,'CHAUDHARI ARATI ANANT'),(33112,'CHOUGULE PRIYADARSHANI SHASHIKANT'),(33113,'DESHPANDE MANSI HEMANT'),(33114,'DEVDATTA MADHAO PANDE'),(33115,'DUGAL UCHCHAY VINAYAK'),(33116,'GAIKWAD SAMPADA PRAKASH'),(33117,'GAWANDE VARUN SHRIKANT'),(33118,'GUJARATHI JASH VILAS'),(33119,'GUPTA YASH ANIL'),(33120,'HARWANI VINAY MOHAN'),(33121,'PARDIKAR ISHA ATUL'),(33122,'JADHWANI SUMIT AMARKUMAR'),(33123,'JESWANI YASH SURAJ'),(33124,'KABRA VINAYAK BANWARILAL'),(33125,'KOTALWAR SOHAM SHANKAR'),(33126,'KULKARNI AJINKYA SATISH'),(33127,'KULKARNI DEVAKI GURUNATH'),(33128,'KULKARNI RAJAS HARSHAL'),(33129,'KULKARNI YASH RAHUL'),(33130,'KUNAL SACHDEV'),(33131,'LANDGE ANIMESH GIRISH'),(33132,'LINGAYAT VISHWESH SANDIP'),(33133,'LOYA SHUBHAM SANDEEP'),(33134,'MAMDYAL VISHAKHA PURUSHOTTAM'),(33135,'MANE VEDANT SURYAKANT'),(33136,'MIHIR PANDHARIPANDE'),(33137,'MITTAL ABHAY RAKESH'),(33138,'NAGARGOJE SONALI GANGADHAR'),(33139,'BHALERAO NAMITA'),(33140,'NAPHADE SAHIL MILIND'),(33141,'KHIVASARA NIKITA NIRMAL'),(33142,'PALI NISHITA KALPESH'),(33143,'PANDE RUCHIKA SUBHASH'),(33144,'PARMAR KOMAL PRADIP'),(33145,'PATIL SHWETA SAKHARAM'),(33146,'PATIL YASH ANIL'),(33147,'LALWANI PAVAN DHARMENDRA'),(33148,'PRAJAKTA AMAR GHUMATKAR'),(33149,'KATARIYA PRANAV KISHOR'),(33150,'PRASAD AASHISH MANOJ'),(33151,'PURANIK VEDANT KEDAR'),(33152,'RAJBHOJ SHRADDHA ANIL'),(33153,'RATHI NILAMBARI KAMALKISHOR'),(33154,'KHANDELWAL RITIKA SACHIN'),(33155,'MAHAJAN RUTUJA DHANANJAY'),(33156,'TANTAK SAKSHI VIVEK'),(33157,'SANAP YOGESH RAMNATH'),(33158,'SAWANT SIDDHESH UDAYSHINHA'),(33159,'SHAIKH SAIF JAHID AHEMAD'),(33160,'JOSHI SHAUNAK HEMANT'),(33161,'SHINDE ISHWAR RAVINDRA'),(33162,'SHINDE RUCHA SARANG'),(33163,'SHUBHAM MAHAJAN'),(33164,'TIDKE SHUBHAM VIJAY'),(33165,'STEPHEN KEVIN'),(33166,'SUTAR ATHARVA KALIDAS'),(33167,'TAPASE RUCHA SHASHIKANT'),(33168,'THIGALE SHREEYA SANJAY'),(33169,'TOSHNIWAL RIDDHI RAMESH'),(33170,'UTTARWAR SIDDHI SHANTANU'),(33171,'VANKUDRE GAURI DEEPAK'),(33172,'GHULAXE VIKRAM DEEPAK'),(33173,'MALIK VISHAP KANWAR'),(33174,'YEWALEKAR SHUBHAM VIDYADHAR'),(33175,'ZANWAR SAURABH VINOD'),(33176,'NAIK ROHAN PRAMOD '),(33177,'RATHI VEDANSH RADHESHYAM '),(33178,'GUGALE KSHITIJ SANDEEP '),(33201,'BADHE ADITI VIDYADHAR'),(33202,'AGRAWAL PIYUSH ASHOK'),(33204,'DHOMANE ANKIT ARVIND'),(33205,'ARORA MOHIT HARPAL'),(33206,'KOTGIRE ASHWIN KIRAN'),(33207,'BADLANI SAGAR'),(33208,'BANKAR SRISHTI SUNIL'),(33209,'BHAMARE DARSHAN SUNIL'),(33210,'BHAYYA EESHA RAHULKUMAR'),(33211,'CHAVAN ATHARVA RAMCHANDRA'),(33212,'DARAK SHUBHAM KAMALKISHORE'),(33213,'DESHPANDE OMKAR UMESH'),(33214,'CHANDAK DEVESH SANTOSH'),(33215,'DHARAMSI RIYA BIREN'),(33216,'MADAVI DIPAK TULSHIRAM'),(33217,'FERNANDES ALRIK MELVILLE'),(33218,'GALPHADE ATHARVA SHRIPAD'),(33219,'GHOSADE AJAY BHARAT'),(33220,'GULATI JAPJYOT SINGH'),(33221,'HAKE AKSHAY SHIVAJI'),(33222,'GWALANI HIMANI DINESH'),(33223,'ISHITA JAIN'),(33224,'JAJU NEHA GOWARDHAN'),(33225,'JOSHI PRATHMESH SHRINIWAS'),(33226,'KADAM ADITYA HEMANT'),(33227,'KHACHANE SHYAMAL SANJAY'),(33228,'KSHIRSAGAR GAURAV JITENDRA'),(33229,'KULKARNI ANISH KIRAN'),(33230,'KULKARNI KAUSTUBH RAJESH'),(33231,'CHADHA KUNAL SAMEER'),(33232,'LIKHITE SHIBANI VIVEK'),(33233,'MAKODE HRUSHIKESH GOPAL'),(33234,'MANAV CHORDIA'),(33235,'PANDYA MANVI'),(33236,'MISHRA ARYAN DEEPAK'),(33237,'MORE CHANDRAKANTESH PRAKASH'),(33238,'MUTYALWAR TEJAS DILIP'),(33239,'NANDKHEDKAR GAURI SUNIL'),(33240,'PILARISETTY NEELANJNEY'),(33241,'NIKUMBH SIDDHANT VINAY'),(33242,'PALLAVI DHANANJAY DADAPE'),(33243,'PANDE SANJIVANI SHESHRAO'),(33244,'PATIL MAYUR RAJENDRA'),(33245,'PATIL VINIT PANDURANG'),(33246,'PAUL SARVESH SUNIL'),(33247,'PAWAR HRISHIKESH SANJAY'),(33248,'LANJE PRAJAKTA UDARAM'),(33249,'PRANJALE RUTWIK DEEPAKRAO'),(33250,'RAGHAV UTPAT'),(33251,'RATHI ANKUSH NITIN'),(33252,'BRAHME RENUKA LAXMIKANT'),(33253,'BHUJANG RUSHIKESH RAMRAO'),(33254,'SHIHIRE SAGAR VIJAYSINGH'),(33255,'SALUNKHE PRAVIN BALASAHEB'),(33256,'VARGHESE SANYA SHIBU'),(33257,'SHAH SANIYA BHARAT'),(33258,'PADHYE SHAUNAK ANAND'),(33259,'SHIKHARE PRANAV GOKUL'),(33260,'SHINDE RISHIKESH SHIVAJI'),(33261,'SHRIJAN VATS'),(33262,'KHARAT SHRUTIKA BALAJIRAO'),(33263,'SHUBHAM SUGANDHI'),(33264,'TOUTI SIDDHANT LAXMINARAYAN'),(33265,'SONWANE SIDDHANT BHARAT'),(33266,'SUPRIYA DADASO GHAGARE'),(33267,'BHASKARWAR TANVI UDAY'),(33268,'TAYADE SUMEET RAJENDRA'),(33269,'THORGULE ABHISHEK MADHUKAR'),(33270,'VADVALE ANKITA VIKASRAO'),(33271,'SAWALE VIJAY RAMESH'),(33272,'GUPTA VINAY VINOD'),(33273,'WALKE DISHA SANJAY'),(33274,'YADWADE RUSHIKESH SHRISHAIL'),(33275,'ZAWARE ASHUTOSH SANDIP'),(33276,'WAGH SANJALI VINOD'),(33301,'ABUJ DNYANESHWARI MADHUKAR'),(33302,'ADITYA CHALOO'),(33303,'AHIRE SOHAM BABAN'),(33304,'DHOPAVKAR AMOD MAKARAND'),(33305,'ANUSHKA SIRPURKAR'),(33306,'BATRA ARPIT SINGH'),(33307,'ATHARVA ASHISH JOSHI'),(33308,'GADPAL AYAN NARESH'),(33309,'BAILKERI OMKAR BALAKRISHNA'),(33310,'BEDARE ANIKET DATTATRAY'),(33311,'BHAND DNYANESHWAR VIKAS'),(33312,'BHUJADE PIYUSHA ASHOK'),(33313,'CHATORIKAR PRATHAMESH JITENDRA'),(33314,'CHIKORDE MANASI RAJESH'),(33315,'CHOUDHARI KALPIT RAJESH'),(33316,'DARAK VIVEK VIMALKISHORE'),(33317,'DESHMUKH DHANANJAY DILIPRAO'),(33318,'DEVADKAR RUTUJA RAJARAM'),(33319,'PRASAD DEVASHISH KRISHNA'),(33320,'DHANGARE SHREYASH PRAKASH'),(33321,'DHOKATE PRIYA SANJAY'),(33322,'CHOURAGADE DIWANSHU DILIP'),(33323,'GADGE MOHAK MADANRAO'),(33324,'GANDHARE ANIRUDDHA SAHEBRAO'),(33325,'BORALKAR GAURAV AJAY'),(33326,'GOSAVI AJAY MAHADEV'),(33327,'GULATI KHUSHI HARDEEP SINGH'),(33328,'HARKARE ASHUTOSH C'),(33329,'HOLAMBE RANI BHASKAR'),(33330,'ZUTSHI HRITIK'),(33331,'JADHAV ANUSHKA SUNIL'),(33332,'JADHAV ASHWIN RAJENDRA'),(33333,'JAKHETE PRABHAV DATTAKUMAR'),(33334,'JOSHI SAMEER SACHIN'),(33335,'KADAM AJAY DEEPAK'),(33336,'KAPADNI KSHITIJ SANJAY'),(33337,'KASAR SHIVANI SANJAY'),(33338,'KAUTE HARSHAL JANARDHAN'),(33339,'KIRVE SHUBHAM RAJENDRA'),(33340,'KSHIRSAGAR GAYATRI MOHAN'),(33341,'KULKARNI ATHARVA SHRIKRISHNA'),(33342,'KULKARNI PURUSHOTTAM L'),(33343,'KULTHE SATYAM SHAHU'),(33344,'KURAPATI SUMANJALI BALRAJ'),(33345,'KUTHE ABHINAV DAULAT'),(33346,'LIKHITKAR MANALI MANGESH'),(33347,'LONE SURABHI SANJAY'),(33348,'MALPANI OM RADHESHAM'),(33349,'MANDHANE MEET NITIN'),(33350,'MATEY SAGARIKA DILIP'),(33351,'MHETRE GAURI NARAYAN'),(33352,'MORE SHWETA VIJAY'),(33353,'MOSE SWATI SHIVRAM'),(33354,'MUNDE ANUP HARISHCHANDRA'),(33355,'PATIL MANAS NITIN'),(33356,'PATIL NIRANJAN NITIN'),(33357,'PATIL POOJA LAXMAN'),(33358,'PATIL SWAPNIL GOKOOL'),(33359,'PAWAR PADMAJA SHAHAJI'),(33360,'PRAJAPAT JAYESH JAGDISH'),(33361,'MALI RUPESH KAILAS'),(33362,'SAHANE SANKET UTTAM'),(33363,'SALUNKHE SAURABH SANDIP'),(33364,'SHAIKH SAHIL ASLAM'),(33365,'KHADASE SONALI VINOD'),(33366,'SONEKAR SHRADDHA BALRAM'),(33367,'MADAMWAR TANVI MANOJ'),(33368,'TULE ROHINI PANDURANG'),(33369,'VAVHAL PRACHI SANJAY'),(33370,'VISAVE MANISH DNYANESHWAR'),(33371,'VISPUTE TUSHAR PRAKASH'),(33372,'YADAV NIKITA MOHAN'),(33373,'DARADE POOJA BHARAT'),(33374,'BAREWAD PRAVIN BALAJI');
/*!40000 ALTER TABLE `student` ENABLE KEYS */;
UNLOCK TABLES;

--
-- Table structure for table `student_gives_UT`
--

DROP TABLE IF EXISTS `student_gives_UT`;
/*!40101 SET @saved_cs_client     = @@character_set_client */;
/*!40101 SET character_set_client = utf8 */;
CREATE TABLE `student_gives_UT` (
  `roll_no` int(11) NOT NULL,
  `sid` int(11) NOT NULL,
  `ut1` int(11) NOT NULL DEFAULT '0',
  `ut2` int(11) DEFAULT '0',
  KEY `roll_no` (`roll_no`),
  KEY `sid` (`sid`),
  CONSTRAINT `student_gives_UT_ibfk_1` FOREIGN KEY (`roll_no`) REFERENCES `student` (`roll_no`) ON DELETE CASCADE,
  CONSTRAINT `student_gives_UT_ibfk_2` FOREIGN KEY (`sid`) REFERENCES `subject` (`sid`) ON DELETE CASCADE
) ENGINE=InnoDB DEFAULT CHARSET=latin1;
/*!40101 SET character_set_client = @saved_cs_client */;

--
-- Dumping data for table `student_gives_UT`
--

LOCK TABLES `student_gives_UT` WRITE;
/*!40000 ALTER TABLE `student_gives_UT` DISABLE KEYS */;
INSERT INTO `student_gives_UT` VALUES (33301,1,22,22),(33302,1,22,22),(33303,1,22,22),(33304,1,22,22),(33305,1,22,22),(33306,1,22,22),(33307,1,22,22),(33308,1,22,22),(33309,1,22,22),(33310,1,2,22),(33311,1,22,22),(33312,1,2,22),(33313,1,22,22),(33314,1,22,22),(33315,1,22,22),(33316,1,22,22),(33317,1,22,22),(33318,1,22,22),(33319,1,22,22),(33320,1,22,22),(33321,1,22,22),(33322,1,22,22),(33323,1,22,22),(33324,1,22,22),(33325,1,22,22),(33326,1,22,22),(33327,1,22,22),(33328,1,22,22),(33329,1,22,22),(33330,1,22,22),(33331,1,22,22),(33332,1,22,22),(33333,1,2,22),(33334,1,2,22),(33335,1,22,22),(33336,1,2,22),(33337,1,2,22),(33338,1,2,22),(33339,1,2,22),(33340,1,2,22),(33341,1,22,22),(33342,1,2,22),(33343,1,2,22),(33344,1,2,22),(33345,1,2,22),(33346,1,2,22),(33347,1,2,22),(33348,1,2,22),(33349,1,2,22),(33350,1,2,22),(33351,1,2,22),(33352,1,2,22),(33353,1,2,22),(33354,1,2,22),(33355,1,2,22),(33356,1,2,22),(33357,1,2,22),(33358,1,2,22),(33359,1,2,22),(33360,1,2,22),(33361,1,2,22),(33362,1,22,22),(33363,1,2,22),(33364,1,2,22),(33365,1,2,22),(33366,1,2,22),(33367,1,22,22),(33368,1,2,22),(33369,1,2,22),(33370,1,2,22),(33371,1,22,22),(33372,1,2,22),(33373,1,2,22),(33374,1,2,22);
/*!40000 ALTER TABLE `student_gives_UT` ENABLE KEYS */;
UNLOCK TABLES;

--
-- Table structure for table `student_performs_assignment`
--

DROP TABLE IF EXISTS `student_performs_assignment`;
/*!40101 SET @saved_cs_client     = @@character_set_client */;
/*!40101 SET character_set_client = utf8 */;
CREATE TABLE `student_performs_assignment` (
  `roll_no` int(11) NOT NULL,
  `assign_id` int(11) NOT NULL,
  `actual_performance_date` date NOT NULL,
  `actual_submission_date` date NOT NULL,
  `rpp` int(11) NOT NULL DEFAULT '0',
  `spo` int(11) NOT NULL DEFAULT '0',
  `total` int(11) NOT NULL DEFAULT '0',
  KEY `roll_no` (`roll_no`),
  KEY `fk6` (`assign_id`),
  CONSTRAINT `fk6` FOREIGN KEY (`assign_id`) REFERENCES `assignment` (`assign_id`) ON DELETE CASCADE,
  CONSTRAINT `student_performs_assignment_ibfk_1` FOREIGN KEY (`roll_no`) REFERENCES `student` (`roll_no`) ON DELETE CASCADE
) ENGINE=InnoDB DEFAULT CHARSET=latin1;
/*!40101 SET character_set_client = @saved_cs_client */;

--
-- Dumping data for table `student_performs_assignment`
--

LOCK TABLES `student_performs_assignment` WRITE;
/*!40000 ALTER TABLE `student_performs_assignment` DISABLE KEYS */;
INSERT INTO `student_performs_assignment` VALUES (33101,12,'2019-10-23','2019-10-23',0,0,0),(33101,13,'2019-10-23','2019-10-23',0,0,0),(33101,14,'2019-10-23','2019-10-23',0,0,0),(33102,12,'2019-10-23','2019-10-23',0,0,0),(33102,13,'2019-10-23','2019-10-23',0,0,0),(33102,14,'2019-10-23','2019-10-23',0,0,0),(33103,12,'2019-10-23','2019-10-23',0,0,0),(33103,13,'2019-10-23','2019-10-23',0,0,0),(33103,14,'2019-10-23','2019-10-23',0,0,0),(33104,12,'2019-10-23','2019-10-23',0,0,0),(33104,13,'2019-10-23','2019-10-23',0,0,0),(33104,14,'2019-10-23','2019-10-23',0,0,0),(33105,12,'2019-10-23','2019-10-23',0,0,0),(33105,13,'2019-10-23','2019-10-23',0,0,0),(33105,14,'2019-10-23','2019-10-23',0,0,0),(33106,12,'2019-10-23','2019-10-23',0,0,0),(33106,13,'2019-10-23','2019-10-23',0,0,0),(33106,14,'2019-10-23','2019-10-23',0,0,0),(33107,12,'2019-10-23','2019-10-23',0,0,0),(33107,13,'2019-10-23','2019-10-23',0,0,0),(33107,14,'2019-10-23','2019-10-23',0,0,0),(33108,12,'2019-10-23','2019-10-23',0,0,0),(33108,13,'2019-10-23','2019-10-23',0,0,0),(33108,14,'2019-10-23','2019-10-23',0,0,0),(33109,12,'2019-10-23','2019-10-23',0,0,0),(33109,13,'2019-10-23','2019-10-23',0,0,0),(33109,14,'2019-10-23','2019-10-23',0,0,0),(33110,12,'2019-10-23','2019-10-23',0,0,0),(33110,13,'2019-10-23','2019-10-23',0,0,0),(33110,14,'2019-10-23','2019-10-23',0,0,0),(33111,12,'2019-10-23','2019-10-23',0,0,0),(33111,13,'2019-10-23','2019-10-23',0,0,0),(33111,14,'2019-10-23','2019-10-23',0,0,0),(33112,12,'2019-10-23','2019-10-23',0,0,0),(33112,13,'2019-10-23','2019-10-23',0,0,0),(33112,14,'2019-10-23','2019-10-23',0,0,0),(33113,12,'2019-10-23','2019-10-23',0,0,0),(33113,13,'2019-10-23','2019-10-23',0,0,0),(33113,14,'2019-10-23','2019-10-23',0,0,0),(33114,12,'2019-10-23','2019-10-23',0,0,0),(33114,13,'2019-10-23','2019-10-23',0,0,0),(33114,14,'2019-10-23','2019-10-23',0,0,0),(33115,12,'2019-10-23','2019-10-23',0,0,0),(33115,13,'2019-10-23','2019-10-23',0,0,0),(33115,14,'2019-10-23','2019-10-23',0,0,0),(33116,12,'2019-10-23','2019-10-23',0,0,0),(33116,13,'2019-10-23','2019-10-23',0,0,0),(33116,14,'2019-10-23','2019-10-23',0,0,0),(33117,12,'2019-10-23','2019-10-23',0,0,0),(33117,13,'2019-10-23','2019-10-23',0,0,0),(33117,14,'2019-10-23','2019-10-23',0,0,0),(33118,12,'2019-10-23','2019-10-23',0,0,0),(33118,13,'2019-10-23','2019-10-23',0,0,0),(33118,14,'2019-10-23','2019-10-23',0,0,0),(33119,12,'2019-10-23','2019-10-23',0,0,0),(33119,13,'2019-10-23','2019-10-23',0,0,0),(33119,14,'2019-10-23','2019-10-23',0,0,0),(33120,12,'2019-10-23','2019-10-23',0,0,0),(33120,13,'2019-10-23','2019-10-23',0,0,0),(33120,14,'2019-10-23','2019-10-23',0,0,0),(33121,12,'2019-10-23','2019-10-23',0,0,0),(33121,13,'2019-10-23','2019-10-23',0,0,0),(33121,14,'2019-10-23','2019-10-23',0,0,0),(33122,12,'2019-10-23','2019-10-23',0,0,0),(33122,13,'2019-10-23','2019-10-23',0,0,0),(33122,14,'2019-10-23','2019-10-23',0,0,0),(33123,12,'2019-10-23','2019-10-23',0,0,0),(33123,13,'2019-10-23','2019-10-23',0,0,0),(33123,14,'2019-10-23','2019-10-23',0,0,0),(33124,12,'2019-10-23','2019-10-23',0,0,0),(33124,13,'2019-10-23','2019-10-23',0,0,0),(33124,14,'2019-10-23','2019-10-23',0,0,0),(33125,12,'2019-10-23','2019-10-23',0,0,0),(33125,13,'2019-10-23','2019-10-23',0,0,0),(33125,14,'2019-10-23','2019-10-23',0,0,0),(33126,12,'2019-10-23','2019-10-23',0,0,0),(33126,13,'2019-10-23','2019-10-23',0,0,0),(33126,14,'2019-10-23','2019-10-23',0,0,0),(33127,12,'2019-10-23','2019-10-23',0,0,0),(33127,13,'2019-10-23','2019-10-23',0,0,0),(33127,14,'2019-10-23','2019-10-23',0,0,0),(33128,12,'2019-10-23','2019-10-23',0,0,0),(33128,13,'2019-10-23','2019-10-23',0,0,0),(33128,14,'2019-10-23','2019-10-23',0,0,0),(33129,12,'2019-10-23','2019-10-23',0,0,0),(33129,13,'2019-10-23','2019-10-23',0,0,0),(33129,14,'2019-10-23','2019-10-23',0,0,0),(33130,12,'2019-10-23','2019-10-23',0,0,0),(33130,13,'2019-10-23','2019-10-23',0,0,0),(33130,14,'2019-10-23','2019-10-23',0,0,0),(33131,12,'2019-10-23','2019-10-23',0,0,0),(33131,13,'2019-10-23','2019-10-23',0,0,0),(33131,14,'2019-10-23','2019-10-23',0,0,0),(33132,12,'2019-10-23','2019-10-23',0,0,0),(33132,13,'2019-10-23','2019-10-23',0,0,0),(33132,14,'2019-10-23','2019-10-23',0,0,0),(33133,12,'2019-10-23','2019-10-23',0,0,0),(33133,13,'2019-10-23','2019-10-23',0,0,0),(33133,14,'2019-10-23','2019-10-23',0,0,0),(33134,12,'2019-10-23','2019-10-23',0,0,0),(33134,13,'2019-10-23','2019-10-23',0,0,0),(33134,14,'2019-10-23','2019-10-23',0,0,0),(33135,12,'2019-10-23','2019-10-23',0,0,0),(33135,13,'2019-10-23','2019-10-23',0,0,0),(33135,14,'2019-10-23','2019-10-23',0,0,0),(33136,12,'2019-10-23','2019-10-23',0,0,0),(33136,13,'2019-10-23','2019-10-23',0,0,0),(33136,14,'2019-10-23','2019-10-23',0,0,0),(33137,12,'2019-10-23','2019-10-23',0,0,0),(33137,13,'2019-10-23','2019-10-23',0,0,0),(33137,14,'2019-10-23','2019-10-23',0,0,0),(33138,12,'2019-10-23','2019-10-23',0,0,0),(33138,13,'2019-10-23','2019-10-23',0,0,0),(33138,14,'2019-10-23','2019-10-23',0,0,0),(33139,12,'2019-10-23','2019-10-23',0,0,0),(33139,13,'2019-10-23','2019-10-23',0,0,0),(33139,14,'2019-10-23','2019-10-23',0,0,0),(33140,12,'2019-10-23','2019-10-23',0,0,0),(33140,13,'2019-10-23','2019-10-23',0,0,0),(33140,14,'2019-10-23','2019-10-23',0,0,0),(33141,12,'2019-10-23','2019-10-23',0,0,0),(33141,13,'2019-10-23','2019-10-23',0,0,0),(33141,14,'2019-10-23','2019-10-23',0,0,0),(33142,12,'2019-10-23','2019-10-23',0,0,0),(33142,13,'2019-10-23','2019-10-23',0,0,0),(33142,14,'2019-10-23','2019-10-23',0,0,0),(33143,12,'2019-10-23','2019-10-23',0,0,0),(33143,13,'2019-10-23','2019-10-23',0,0,0),(33143,14,'2019-10-23','2019-10-23',0,0,0),(33144,12,'2019-10-23','2019-10-23',0,0,0),(33144,13,'2019-10-23','2019-10-23',0,0,0),(33144,14,'2019-10-23','2019-10-23',0,0,0),(33145,12,'2019-10-23','2019-10-23',0,0,0),(33145,13,'2019-10-23','2019-10-23',0,0,0),(33145,14,'2019-10-23','2019-10-23',0,0,0),(33146,12,'2019-10-23','2019-10-23',0,0,0),(33146,13,'2019-10-23','2019-10-23',0,0,0),(33146,14,'2019-10-23','2019-10-23',0,0,0),(33147,12,'2019-10-23','2019-10-23',0,0,0),(33147,13,'2019-10-23','2019-10-23',0,0,0),(33147,14,'2019-10-23','2019-10-23',0,0,0),(33148,12,'2019-10-23','2019-10-23',0,0,0),(33148,13,'2019-10-23','2019-10-23',0,0,0),(33148,14,'2019-10-23','2019-10-23',0,0,0),(33149,12,'2019-10-23','2019-10-23',0,0,0),(33149,13,'2019-10-23','2019-10-23',0,0,0),(33149,14,'2019-10-23','2019-10-23',0,0,0),(33150,12,'2019-10-23','2019-10-23',0,0,0),(33150,13,'2019-10-23','2019-10-23',0,0,0),(33150,14,'2019-10-23','2019-10-23',0,0,0),(33151,12,'2019-10-23','2019-10-23',0,0,0),(33151,13,'2019-10-23','2019-10-23',0,0,0),(33151,14,'2019-10-23','2019-10-23',0,0,0),(33152,12,'2019-10-23','2019-10-23',0,0,0),(33152,13,'2019-10-23','2019-10-23',0,0,0),(33152,14,'2019-10-23','2019-10-23',0,0,0),(33153,12,'2019-10-23','2019-10-23',0,0,0),(33153,13,'2019-10-23','2019-10-23',0,0,0),(33153,14,'2019-10-23','2019-10-23',0,0,0),(33154,12,'2019-10-23','2019-10-23',0,0,0),(33154,13,'2019-10-23','2019-10-23',0,0,0),(33154,14,'2019-10-23','2019-10-23',0,0,0),(33155,12,'2019-10-23','2019-10-23',0,0,0),(33155,13,'2019-10-23','2019-10-23',0,0,0),(33155,14,'2019-10-23','2019-10-23',0,0,0),(33156,12,'2019-10-23','2019-10-23',0,0,0),(33156,13,'2019-10-23','2019-10-23',0,0,0),(33156,14,'2019-10-23','2019-10-23',0,0,0),(33157,12,'2019-10-23','2019-10-23',0,0,0),(33157,13,'2019-10-23','2019-10-23',0,0,0),(33157,14,'2019-10-23','2019-10-23',0,0,0),(33158,12,'2019-10-23','2019-10-23',0,0,0),(33158,13,'2019-10-23','2019-10-23',0,0,0),(33158,14,'2019-10-23','2019-10-23',0,0,0),(33159,12,'2019-10-23','2019-10-23',0,0,0),(33159,13,'2019-10-23','2019-10-23',0,0,0),(33159,14,'2019-10-23','2019-10-23',0,0,0),(33160,12,'2019-10-23','2019-10-23',0,0,0),(33160,13,'2019-10-23','2019-10-23',0,0,0),(33160,14,'2019-10-23','2019-10-23',0,0,0),(33161,12,'2019-10-23','2019-10-23',0,0,0),(33161,13,'2019-10-23','2019-10-23',0,0,0),(33161,14,'2019-10-23','2019-10-23',0,0,0),(33162,12,'2019-10-23','2019-10-23',0,0,0),(33162,13,'2019-10-23','2019-10-23',0,0,0),(33162,14,'2019-10-23','2019-10-23',0,0,0),(33163,12,'2019-10-23','2019-10-23',0,0,0),(33163,13,'2019-10-23','2019-10-23',0,0,0),(33163,14,'2019-10-23','2019-10-23',0,0,0),(33164,12,'2019-10-23','2019-10-23',0,0,0),(33164,13,'2019-10-23','2019-10-23',0,0,0),(33164,14,'2019-10-23','2019-10-23',0,0,0),(33165,12,'2019-10-23','2019-10-23',0,0,0),(33165,13,'2019-10-23','2019-10-23',0,0,0),(33165,14,'2019-10-23','2019-10-23',0,0,0),(33166,12,'2019-10-23','2019-10-23',0,0,0),(33166,13,'2019-10-23','2019-10-23',0,0,0),(33166,14,'2019-10-23','2019-10-23',0,0,0),(33167,12,'2019-10-23','2019-10-23',0,0,0),(33167,13,'2019-10-23','2019-10-23',0,0,0),(33167,14,'2019-10-23','2019-10-23',0,0,0),(33168,12,'2019-10-23','2019-10-23',0,0,0),(33168,13,'2019-10-23','2019-10-23',0,0,0),(33168,14,'2019-10-23','2019-10-23',0,0,0),(33169,12,'2019-10-23','2019-10-23',0,0,0),(33169,13,'2019-10-23','2019-10-23',0,0,0),(33169,14,'2019-10-23','2019-10-23',0,0,0),(33170,12,'2019-10-23','2019-10-23',0,0,0),(33170,13,'2019-10-23','2019-10-23',0,0,0),(33170,14,'2019-10-23','2019-10-23',0,0,0),(33171,12,'2019-10-23','2019-10-23',0,0,0),(33171,13,'2019-10-23','2019-10-23',0,0,0),(33171,14,'2019-10-23','2019-10-23',0,0,0),(33172,12,'2019-10-23','2019-10-23',0,0,0),(33172,13,'2019-10-23','2019-10-23',0,0,0),(33172,14,'2019-10-23','2019-10-23',0,0,0),(33173,12,'2019-10-23','2019-10-23',0,0,0),(33173,13,'2019-10-23','2019-10-23',0,0,0),(33173,14,'2019-10-23','2019-10-23',0,0,0),(33174,12,'2019-10-23','2019-10-23',0,0,0),(33174,13,'2019-10-23','2019-10-23',0,0,0),(33174,14,'2019-10-23','2019-10-23',0,0,0),(33175,12,'2019-10-23','2019-10-23',0,0,0),(33175,13,'2019-10-23','2019-10-23',0,0,0),(33175,14,'2019-10-23','2019-10-23',0,0,0),(33176,12,'2019-10-23','2019-10-23',0,0,0),(33176,13,'2019-10-23','2019-10-23',0,0,0),(33176,14,'2019-10-23','2019-10-23',0,0,0),(33177,12,'2019-10-23','2019-10-23',0,0,0),(33177,13,'2019-10-23','2019-10-23',0,0,0),(33177,14,'2019-10-23','2019-10-23',0,0,0),(33178,12,'2019-10-23','2019-10-23',0,0,0),(33178,13,'2019-10-23','2019-10-23',0,0,0),(33178,14,'2019-10-23','2019-10-23',0,0,0),(33201,12,'2019-10-23','2019-10-23',0,0,0),(33201,13,'2019-10-23','2019-10-23',0,0,0),(33201,14,'2019-10-23','2019-10-23',0,0,0),(33202,12,'2019-10-23','2019-10-23',0,0,0),(33202,13,'2019-10-23','2019-10-23',0,0,0),(33202,14,'2019-10-23','2019-10-23',0,0,0),(33204,12,'2019-10-23','2019-10-23',0,0,0),(33204,13,'2019-10-23','2019-10-23',0,0,0),(33204,14,'2019-10-23','2019-10-23',0,0,0),(33205,12,'2019-10-23','2019-10-23',0,0,0),(33205,13,'2019-10-23','2019-10-23',0,0,0),(33205,14,'2019-10-23','2019-10-23',0,0,0),(33206,12,'2019-10-23','2019-10-23',0,0,0),(33206,13,'2019-10-23','2019-10-23',0,0,0),(33206,14,'2019-10-23','2019-10-23',0,0,0),(33207,12,'2019-10-23','2019-10-23',0,0,0),(33207,13,'2019-10-23','2019-10-23',0,0,0),(33207,14,'2019-10-23','2019-10-23',0,0,0),(33208,12,'2019-10-23','2019-10-23',0,0,0),(33208,13,'2019-10-23','2019-10-23',0,0,0),(33208,14,'2019-10-23','2019-10-23',0,0,0),(33209,12,'2019-10-23','2019-10-23',0,0,0),(33209,13,'2019-10-23','2019-10-23',0,0,0),(33209,14,'2019-10-23','2019-10-23',0,0,0),(33210,12,'2019-10-23','2019-10-23',0,0,0),(33210,13,'2019-10-23','2019-10-23',0,0,0),(33210,14,'2019-10-23','2019-10-23',0,0,0),(33211,12,'2019-10-23','2019-10-23',0,0,0),(33211,13,'2019-10-23','2019-10-23',0,0,0),(33211,14,'2019-10-23','2019-10-23',0,0,0),(33212,12,'2019-10-23','2019-10-23',0,0,0),(33212,13,'2019-10-23','2019-10-23',0,0,0),(33212,14,'2019-10-23','2019-10-23',0,0,0),(33213,12,'2019-10-23','2019-10-23',0,0,0),(33213,13,'2019-10-23','2019-10-23',0,0,0),(33213,14,'2019-10-23','2019-10-23',0,0,0),(33214,12,'2019-10-23','2019-10-23',0,0,0),(33214,13,'2019-10-23','2019-10-23',0,0,0),(33214,14,'2019-10-23','2019-10-23',0,0,0),(33215,12,'2019-10-23','2019-10-23',0,0,0),(33215,13,'2019-10-23','2019-10-23',0,0,0),(33215,14,'2019-10-23','2019-10-23',0,0,0),(33216,12,'2019-10-23','2019-10-23',0,0,0),(33216,13,'2019-10-23','2019-10-23',0,0,0),(33216,14,'2019-10-23','2019-10-23',0,0,0),(33217,12,'2019-10-23','2019-10-23',0,0,0),(33217,13,'2019-10-23','2019-10-23',0,0,0),(33217,14,'2019-10-23','2019-10-23',0,0,0),(33218,12,'2019-10-23','2019-10-23',0,0,0),(33218,13,'2019-10-23','2019-10-23',0,0,0),(33218,14,'2019-10-23','2019-10-23',0,0,0),(33219,12,'2019-10-23','2019-10-23',0,0,0),(33219,13,'2019-10-23','2019-10-23',0,0,0),(33219,14,'2019-10-23','2019-10-23',0,0,0),(33220,12,'2019-10-23','2019-10-23',0,0,0),(33220,13,'2019-10-23','2019-10-23',0,0,0),(33220,14,'2019-10-23','2019-10-23',0,0,0),(33221,12,'2019-10-23','2019-10-23',0,0,0),(33221,13,'2019-10-23','2019-10-23',0,0,0),(33221,14,'2019-10-23','2019-10-23',0,0,0),(33222,12,'2019-10-23','2019-10-23',0,0,0),(33222,13,'2019-10-23','2019-10-23',0,0,0),(33222,14,'2019-10-23','2019-10-23',0,0,0),(33223,12,'2019-10-23','2019-10-23',0,0,0),(33223,13,'2019-10-23','2019-10-23',0,0,0),(33223,14,'2019-10-23','2019-10-23',0,0,0),(33224,12,'2019-10-23','2019-10-23',0,0,0),(33224,13,'2019-10-23','2019-10-23',0,0,0),(33224,14,'2019-10-23','2019-10-23',0,0,0),(33225,12,'2019-10-23','2019-10-23',0,0,0),(33225,13,'2019-10-23','2019-10-23',0,0,0),(33225,14,'2019-10-23','2019-10-23',0,0,0),(33226,12,'2019-10-23','2019-10-23',0,0,0),(33226,13,'2019-10-23','2019-10-23',0,0,0),(33226,14,'2019-10-23','2019-10-23',0,0,0),(33227,12,'2019-10-23','2019-10-23',0,0,0),(33227,13,'2019-10-23','2019-10-23',0,0,0),(33227,14,'2019-10-23','2019-10-23',0,0,0),(33228,12,'2019-10-23','2019-10-23',0,0,0),(33228,13,'2019-10-23','2019-10-23',0,0,0),(33228,14,'2019-10-23','2019-10-23',0,0,0),(33229,12,'2019-10-23','2019-10-23',0,0,0),(33229,13,'2019-10-23','2019-10-23',0,0,0),(33229,14,'2019-10-23','2019-10-23',0,0,0),(33230,12,'2019-10-23','2019-10-23',0,0,0),(33230,13,'2019-10-23','2019-10-23',0,0,0),(33230,14,'2019-10-23','2019-10-23',0,0,0),(33231,12,'2019-10-23','2019-10-23',0,0,0),(33231,13,'2019-10-23','2019-10-23',0,0,0),(33231,14,'2019-10-23','2019-10-23',0,0,0),(33232,12,'2019-10-23','2019-10-23',0,0,0),(33232,13,'2019-10-23','2019-10-23',0,0,0),(33232,14,'2019-10-23','2019-10-23',0,0,0),(33233,12,'2019-10-23','2019-10-23',0,0,0),(33233,13,'2019-10-23','2019-10-23',0,0,0),(33233,14,'2019-10-23','2019-10-23',0,0,0),(33234,12,'2019-10-23','2019-10-23',0,0,0),(33234,13,'2019-10-23','2019-10-23',0,0,0),(33234,14,'2019-10-23','2019-10-23',0,0,0),(33235,12,'2019-10-23','2019-10-23',0,0,0),(33235,13,'2019-10-23','2019-10-23',0,0,0),(33235,14,'2019-10-23','2019-10-23',0,0,0),(33236,12,'2019-10-23','2019-10-23',0,0,0),(33236,13,'2019-10-23','2019-10-23',0,0,0),(33236,14,'2019-10-23','2019-10-23',0,0,0),(33237,12,'2019-10-23','2019-10-23',0,0,0),(33237,13,'2019-10-23','2019-10-23',0,0,0),(33237,14,'2019-10-23','2019-10-23',0,0,0),(33238,12,'2019-10-23','2019-10-23',0,0,0),(33238,13,'2019-10-23','2019-10-23',0,0,0),(33238,14,'2019-10-23','2019-10-23',0,0,0),(33239,12,'2019-10-23','2019-10-23',0,0,0),(33239,13,'2019-10-23','2019-10-23',0,0,0),(33239,14,'2019-10-23','2019-10-23',0,0,0),(33240,12,'2019-10-23','2019-10-23',0,0,0),(33240,13,'2019-10-23','2019-10-23',0,0,0),(33240,14,'2019-10-23','2019-10-23',0,0,0),(33241,12,'2019-10-23','2019-10-23',0,0,0),(33241,13,'2019-10-23','2019-10-23',0,0,0),(33241,14,'2019-10-23','2019-10-23',0,0,0),(33242,12,'2019-10-23','2019-10-23',0,0,0),(33242,13,'2019-10-23','2019-10-23',0,0,0),(33242,14,'2019-10-23','2019-10-23',0,0,0),(33243,12,'2019-10-23','2019-10-23',0,0,0),(33243,13,'2019-10-23','2019-10-23',0,0,0),(33243,14,'2019-10-23','2019-10-23',0,0,0),(33244,12,'2019-10-23','2019-10-23',0,0,0),(33244,13,'2019-10-23','2019-10-23',0,0,0),(33244,14,'2019-10-23','2019-10-23',0,0,0),(33245,12,'2019-10-23','2019-10-23',0,0,0),(33245,13,'2019-10-23','2019-10-23',0,0,0),(33245,14,'2019-10-23','2019-10-23',0,0,0),(33246,12,'2019-10-23','2019-10-23',0,0,0),(33246,13,'2019-10-23','2019-10-23',0,0,0),(33246,14,'2019-10-23','2019-10-23',0,0,0),(33247,12,'2019-10-23','2019-10-23',0,0,0),(33247,13,'2019-10-23','2019-10-23',0,0,0),(33247,14,'2019-10-23','2019-10-23',0,0,0),(33248,12,'2019-10-23','2019-10-23',0,0,0),(33248,13,'2019-10-23','2019-10-23',0,0,0),(33248,14,'2019-10-23','2019-10-23',0,0,0),(33249,12,'2019-10-23','2019-10-23',0,0,0),(33249,13,'2019-10-23','2019-10-23',0,0,0),(33249,14,'2019-10-23','2019-10-23',0,0,0),(33250,12,'2019-10-23','2019-10-23',0,0,0),(33250,13,'2019-10-23','2019-10-23',0,0,0),(33250,14,'2019-10-23','2019-10-23',0,0,0),(33251,12,'2019-10-23','2019-10-23',0,0,0),(33251,13,'2019-10-23','2019-10-23',0,0,0),(33251,14,'2019-10-23','2019-10-23',0,0,0),(33252,12,'2019-10-23','2019-10-23',0,0,0),(33252,13,'2019-10-23','2019-10-23',0,0,0),(33252,14,'2019-10-23','2019-10-23',0,0,0),(33253,12,'2019-10-23','2019-10-23',0,0,0),(33253,13,'2019-10-23','2019-10-23',0,0,0),(33253,14,'2019-10-23','2019-10-23',0,0,0),(33254,12,'2019-10-23','2019-10-23',0,0,0),(33254,13,'2019-10-23','2019-10-23',0,0,0),(33254,14,'2019-10-23','2019-10-23',0,0,0),(33255,12,'2019-10-23','2019-10-23',0,0,0),(33255,13,'2019-10-23','2019-10-23',0,0,0),(33255,14,'2019-10-23','2019-10-23',0,0,0),(33256,12,'2019-10-23','2019-10-23',0,0,0),(33256,13,'2019-10-23','2019-10-23',0,0,0),(33256,14,'2019-10-23','2019-10-23',0,0,0),(33257,12,'2019-10-23','2019-10-23',0,0,0),(33257,13,'2019-10-23','2019-10-23',0,0,0),(33257,14,'2019-10-23','2019-10-23',0,0,0),(33258,12,'2019-10-23','2019-10-23',0,0,0),(33258,13,'2019-10-23','2019-10-23',0,0,0),(33258,14,'2019-10-23','2019-10-23',0,0,0),(33259,12,'2019-10-23','2019-10-23',0,0,0),(33259,13,'2019-10-23','2019-10-23',0,0,0),(33259,14,'2019-10-23','2019-10-23',0,0,0),(33260,12,'2019-10-23','2019-10-23',0,0,0),(33260,13,'2019-10-23','2019-10-23',0,0,0),(33260,14,'2019-10-23','2019-10-23',0,0,0),(33261,12,'2019-10-23','2019-10-23',0,0,0),(33261,13,'2019-10-23','2019-10-23',0,0,0),(33261,14,'2019-10-23','2019-10-23',0,0,0),(33262,12,'2019-10-23','2019-10-23',0,0,0),(33262,13,'2019-10-23','2019-10-23',0,0,0),(33262,14,'2019-10-23','2019-10-23',0,0,0),(33263,12,'2019-10-23','2019-10-23',0,0,0),(33263,13,'2019-10-23','2019-10-23',0,0,0),(33263,14,'2019-10-23','2019-10-23',0,0,0),(33264,12,'2019-10-23','2019-10-23',0,0,0),(33264,13,'2019-10-23','2019-10-23',0,0,0),(33264,14,'2019-10-23','2019-10-23',0,0,0),(33265,12,'2019-10-23','2019-10-23',0,0,0),(33265,13,'2019-10-23','2019-10-23',0,0,0),(33265,14,'2019-10-23','2019-10-23',0,0,0),(33266,12,'2019-10-23','2019-10-23',0,0,0),(33266,13,'2019-10-23','2019-10-23',0,0,0),(33266,14,'2019-10-23','2019-10-23',0,0,0),(33267,12,'2019-10-23','2019-10-23',0,0,0),(33267,13,'2019-10-23','2019-10-23',0,0,0),(33267,14,'2019-10-23','2019-10-23',0,0,0),(33268,12,'2019-10-23','2019-10-23',0,0,0),(33268,13,'2019-10-23','2019-10-23',0,0,0),(33268,14,'2019-10-23','2019-10-23',0,0,0),(33269,12,'2019-10-23','2019-10-23',0,0,0),(33269,13,'2019-10-23','2019-10-23',0,0,0),(33269,14,'2019-10-23','2019-10-23',0,0,0),(33270,12,'2019-10-23','2019-10-23',0,0,0),(33270,13,'2019-10-23','2019-10-23',0,0,0),(33270,14,'2019-10-23','2019-10-23',0,0,0),(33271,12,'2019-10-23','2019-10-23',0,0,0),(33271,13,'2019-10-23','2019-10-23',0,0,0),(33271,14,'2019-10-23','2019-10-23',0,0,0),(33272,12,'2019-10-23','2019-10-23',0,0,0),(33272,13,'2019-10-23','2019-10-23',0,0,0),(33272,14,'2019-10-23','2019-10-23',0,0,0),(33273,12,'2019-10-23','2019-10-23',0,0,0),(33273,13,'2019-10-23','2019-10-23',0,0,0),(33273,14,'2019-10-23','2019-10-23',0,0,0),(33274,12,'2019-10-23','2019-10-23',0,0,0),(33274,13,'2019-10-23','2019-10-23',0,0,0),(33274,14,'2019-10-23','2019-10-23',0,0,0),(33275,12,'2019-10-23','2019-10-23',0,0,0),(33275,13,'2019-10-23','2019-10-23',0,0,0),(33275,14,'2019-10-23','2019-10-23',0,0,0),(33276,12,'2019-10-23','2019-10-23',0,0,0),(33276,13,'2019-10-23','2019-10-23',0,0,0),(33276,14,'2019-10-23','2019-10-23',0,0,0),(33301,12,'2019-10-23','2019-10-23',0,0,0),(33301,13,'2019-10-23','2019-10-23',0,0,0),(33301,14,'2019-10-23','2019-10-23',0,0,0),(33302,12,'2019-10-23','2019-10-23',0,0,0),(33302,13,'2019-10-23','2019-10-23',0,0,0),(33302,14,'2019-10-23','2019-10-23',0,0,0),(33303,12,'2019-10-23','2019-10-23',0,0,0),(33303,13,'2019-10-23','2019-10-23',0,0,0),(33303,14,'2019-10-23','2019-10-23',0,0,0),(33304,12,'2019-10-23','2019-10-23',0,0,0),(33304,13,'2019-10-23','2019-10-23',0,0,0),(33304,14,'2019-10-23','2019-10-23',0,0,0),(33305,12,'2019-10-23','2019-10-23',0,0,0),(33305,13,'2019-10-23','2019-10-23',0,0,0),(33305,14,'2019-10-23','2019-10-23',0,0,0),(33306,12,'2019-10-23','2019-10-23',0,0,0),(33306,13,'2019-10-23','2019-10-23',0,0,0),(33306,14,'2019-10-23','2019-10-23',0,0,0),(33307,12,'2019-10-23','2019-10-23',0,0,0),(33307,13,'2019-10-23','2019-10-23',0,0,0),(33307,14,'2019-10-23','2019-10-23',0,0,0),(33308,12,'2019-10-23','2019-10-23',0,0,0),(33308,13,'2019-10-23','2019-10-23',0,0,0),(33308,14,'2019-10-23','2019-10-23',0,0,0),(33309,12,'2019-10-23','2019-10-23',0,0,0),(33309,13,'2019-10-23','2019-10-23',0,0,0),(33309,14,'2019-10-23','2019-10-23',0,0,0),(33310,12,'2019-10-23','2019-10-23',0,0,0),(33310,13,'2019-10-23','2019-10-23',0,0,0),(33310,14,'2019-10-23','2019-10-23',0,0,0),(33311,12,'2019-10-23','2019-10-23',0,0,0),(33311,13,'2019-10-23','2019-10-23',0,0,0),(33311,14,'2019-10-23','2019-10-23',0,0,0),(33312,12,'2019-10-23','2019-10-23',0,0,0),(33312,13,'2019-10-23','2019-10-23',0,0,0),(33312,14,'2019-10-23','2019-10-23',0,0,0),(33313,12,'2019-10-23','2019-10-23',0,0,0),(33313,13,'2019-10-23','2019-10-23',0,0,0),(33313,14,'2019-10-23','2019-10-23',0,0,0),(33314,12,'2019-10-23','2019-10-23',0,0,0),(33314,13,'2019-10-23','2019-10-23',0,0,0),(33314,14,'2019-10-23','2019-10-23',0,0,0),(33315,12,'2019-10-23','2019-10-23',0,0,0),(33315,13,'2019-10-23','2019-10-23',0,0,0),(33315,14,'2019-10-23','2019-10-23',0,0,0),(33316,12,'2019-10-23','2019-10-23',0,0,0),(33316,13,'2019-10-23','2019-10-23',0,0,0),(33316,14,'2019-10-23','2019-10-23',0,0,0),(33317,12,'2019-10-23','2019-10-23',0,0,0),(33317,13,'2019-10-23','2019-10-23',0,0,0),(33317,14,'2019-10-23','2019-10-23',0,0,0),(33318,12,'2019-10-23','2019-10-23',0,0,0),(33318,13,'2019-10-23','2019-10-23',0,0,0),(33318,14,'2019-10-23','2019-10-23',0,0,0),(33319,12,'2019-10-23','2019-10-23',0,0,0),(33319,13,'2019-10-23','2019-10-23',0,0,0),(33319,14,'2019-10-23','2019-10-23',0,0,0),(33320,12,'2019-10-23','2019-10-23',0,0,0),(33320,13,'2019-10-23','2019-10-23',0,0,0),(33320,14,'2019-10-23','2019-10-23',0,0,0),(33321,12,'2019-10-23','2019-10-23',0,0,0),(33321,13,'2019-10-23','2019-10-23',0,0,0),(33321,14,'2019-10-23','2019-10-23',0,0,0),(33322,12,'2019-10-23','2019-10-23',0,0,0),(33322,13,'2019-10-23','2019-10-23',0,0,0),(33322,14,'2019-10-23','2019-10-23',0,0,0),(33323,12,'2019-10-23','2019-10-23',0,0,0),(33323,13,'2019-10-23','2019-10-23',0,0,0),(33323,14,'2019-10-23','2019-10-23',0,0,0),(33324,12,'2019-10-23','2019-10-23',0,0,0),(33324,13,'2019-10-23','2019-10-23',0,0,0),(33324,14,'2019-10-23','2019-10-23',0,0,0),(33325,12,'2019-10-23','2019-10-23',0,0,0),(33325,13,'2019-10-23','2019-10-23',0,0,0),(33325,14,'2019-10-23','2019-10-23',0,0,0),(33326,12,'2019-10-23','2019-10-23',0,0,0),(33326,13,'2019-10-23','2019-10-23',0,0,0),(33326,14,'2019-10-23','2019-10-23',0,0,0),(33327,12,'2019-10-23','2019-10-23',0,0,0),(33327,13,'2019-10-23','2019-10-23',0,0,0),(33327,14,'2019-10-23','2019-10-23',0,0,0),(33328,12,'2019-10-23','2019-10-23',0,0,0),(33328,13,'2019-10-23','2019-10-23',0,0,0),(33328,14,'2019-10-23','2019-10-23',0,0,0),(33329,12,'2019-10-23','2019-10-23',0,0,0),(33329,13,'2019-10-23','2019-10-23',0,0,0),(33329,14,'2019-10-23','2019-10-23',0,0,0),(33330,12,'2019-10-23','2019-10-23',0,0,0),(33330,13,'2019-10-23','2019-10-23',0,0,0),(33330,14,'2019-10-23','2019-10-23',0,0,0),(33331,12,'2019-10-23','2019-10-23',0,0,0),(33331,13,'2019-10-23','2019-10-23',0,0,0),(33331,14,'2019-10-23','2019-10-23',0,0,0),(33332,12,'2019-10-23','2019-10-23',0,0,0),(33332,13,'2019-10-23','2019-10-23',0,0,0),(33332,14,'2019-10-23','2019-10-23',0,0,0),(33333,12,'2019-10-23','2019-10-23',0,0,0),(33333,13,'2019-10-23','2019-10-23',0,0,0),(33333,14,'2019-10-23','2019-10-23',0,0,0),(33334,12,'2019-10-23','2019-10-23',0,0,0),(33334,13,'2019-10-23','2019-10-23',0,0,0),(33334,14,'2019-10-23','2019-10-23',0,0,0),(33335,12,'2019-10-23','2019-10-23',0,0,0),(33335,13,'2019-10-23','2019-10-23',0,0,0),(33335,14,'2019-10-23','2019-10-23',0,0,0),(33336,12,'2019-10-23','2019-10-23',0,0,0),(33336,13,'2019-10-23','2019-10-23',0,0,0),(33336,14,'2019-10-23','2019-10-23',0,0,0),(33337,12,'2019-10-23','2019-10-23',0,0,0),(33337,13,'2019-10-23','2019-10-23',0,0,0),(33337,14,'2019-10-23','2019-10-23',0,0,0),(33338,12,'2019-10-23','2019-10-23',0,0,0),(33338,13,'2019-10-23','2019-10-23',0,0,0),(33338,14,'2019-10-23','2019-10-23',0,0,0),(33339,12,'2019-10-23','2019-10-23',0,0,0),(33339,13,'2019-10-23','2019-10-23',0,0,0),(33339,14,'2019-10-23','2019-10-23',0,0,0),(33340,12,'2019-10-23','2019-10-23',0,0,0),(33340,13,'2019-10-23','2019-10-23',0,0,0),(33340,14,'2019-10-23','2019-10-23',0,0,0),(33341,12,'2019-10-23','2019-10-23',0,0,0),(33341,13,'2019-10-23','2019-10-23',0,0,0),(33341,14,'2019-10-23','2019-10-23',0,0,0),(33342,12,'2019-10-23','2019-10-23',0,0,0),(33342,13,'2019-10-23','2019-10-23',0,0,0),(33342,14,'2019-10-23','2019-10-23',0,0,0),(33343,12,'2019-10-23','2019-10-23',0,0,0),(33343,13,'2019-10-23','2019-10-23',0,0,0),(33343,14,'2019-10-23','2019-10-23',0,0,0),(33344,12,'2019-10-23','2019-10-23',0,0,0),(33344,13,'2019-10-23','2019-10-23',0,0,0),(33344,14,'2019-10-23','2019-10-23',0,0,0),(33345,12,'2019-10-23','2019-10-23',0,0,0),(33345,13,'2019-10-23','2019-10-23',0,0,0),(33345,14,'2019-10-23','2019-10-23',0,0,0),(33346,12,'2019-10-23','2019-10-23',0,0,0),(33346,13,'2019-10-23','2019-10-23',0,0,0),(33346,14,'2019-10-23','2019-10-23',0,0,0),(33347,12,'2019-10-23','2019-10-23',0,0,0),(33347,13,'2019-10-23','2019-10-23',0,0,0),(33347,14,'2019-10-23','2019-10-23',0,0,0),(33348,12,'2019-10-23','2019-10-23',0,0,0),(33348,13,'2019-10-23','2019-10-23',0,0,0),(33348,14,'2019-10-23','2019-10-23',0,0,0),(33349,12,'2019-10-23','2019-10-23',0,0,0),(33349,13,'2019-10-23','2019-10-23',0,0,0),(33349,14,'2019-10-23','2019-10-23',0,0,0),(33350,12,'2019-10-23','2019-10-23',0,0,0),(33350,13,'2019-10-23','2019-10-23',0,0,0),(33350,14,'2019-10-23','2019-10-23',0,0,0),(33351,12,'2019-10-23','2019-10-23',0,0,0),(33351,13,'2019-10-23','2019-10-23',0,0,0),(33351,14,'2019-10-23','2019-10-23',0,0,0),(33352,12,'2019-10-23','2019-10-23',0,0,0),(33352,13,'2019-10-23','2019-10-23',0,0,0),(33352,14,'2019-10-23','2019-10-23',0,0,0),(33353,12,'2019-10-23','2019-10-23',0,0,0),(33353,13,'2019-10-23','2019-10-23',0,0,0),(33353,14,'2019-10-23','2019-10-23',0,0,0),(33354,12,'2019-10-23','2019-10-23',0,0,0),(33354,13,'2019-10-23','2019-10-23',0,0,0),(33354,14,'2019-10-23','2019-10-23',0,0,0),(33355,12,'2019-10-23','2019-10-23',4,4,8),(33355,13,'2019-10-23','2019-10-23',5,5,10),(33355,14,'2019-10-23','2019-10-23',5,5,10),(33356,12,'2019-08-20','2019-10-23',5,5,10),(33356,13,'2019-10-22','2019-10-23',5,5,10),(33356,14,'2019-10-23','2019-10-23',5,5,10),(33357,12,'2019-10-23','2019-10-23',5,5,10),(33357,13,'2019-10-23','2019-10-23',5,5,10),(33357,14,'2019-10-23','2019-10-23',5,5,10),(33358,12,'2019-10-23','2019-10-23',5,5,10),(33358,13,'2019-10-23','2019-10-23',5,5,10),(33358,14,'2019-10-23','2019-10-23',5,5,10),(33359,12,'2019-10-23','2019-10-23',5,5,10),(33359,13,'2019-10-23','2018-09-23',5,5,10),(33359,14,'2019-10-23','2019-10-23',5,5,10),(33360,12,'2019-10-23','2019-10-23',5,5,10),(33360,13,'2019-10-23','2019-10-23',5,5,10),(33360,14,'2019-10-23','2019-10-23',5,5,10),(33361,12,'2019-10-23','2019-10-23',5,5,10),(33361,13,'2019-10-23','2019-10-23',5,5,10),(33361,14,'2019-10-23','2019-10-23',5,5,10),(33362,12,'2019-10-23','2019-10-23',5,5,10),(33362,13,'2019-10-23','2019-10-23',5,5,10),(33362,14,'2019-10-23','2019-10-23',5,5,10),(33363,12,'2019-10-23','2019-10-23',5,5,10),(33363,13,'2019-10-23','2019-10-23',5,5,10),(33363,14,'2019-10-23','2019-10-23',5,5,10),(33364,12,'2019-10-23','2019-10-23',5,5,10),(33364,13,'2019-10-23','2019-10-23',5,5,10),(33364,14,'2019-10-23','2019-10-23',5,5,10),(33365,12,'2019-10-23','2019-10-23',5,5,10),(33365,13,'2019-10-23','2019-10-23',5,5,10),(33365,14,'2019-10-23','2019-10-23',5,4,9),(33366,12,'2019-10-23','2019-10-23',5,5,10),(33366,13,'2019-10-23','2019-10-23',5,5,10),(33366,14,'2019-10-23','2019-10-23',5,5,10),(33367,12,'2019-10-23','2019-10-23',5,5,10),(33367,13,'2019-10-23','2019-10-23',5,5,10),(33367,14,'2019-10-23','2019-10-23',5,5,10),(33368,12,'2019-10-23','2019-10-23',5,5,10),(33368,13,'2019-10-23','2019-10-23',5,5,10),(33368,14,'2019-10-23','2019-10-23',5,5,10),(33369,12,'2019-10-23','2019-10-23',5,5,10),(33369,13,'2019-10-23','2019-10-23',5,5,10),(33369,14,'2019-10-23','2019-10-23',5,5,10),(33370,12,'2019-10-23','2019-10-23',5,5,10),(33370,13,'2019-10-23','2019-10-23',5,5,10),(33370,14,'2019-10-23','2019-10-23',5,5,10),(33371,12,'2019-10-23','2019-10-23',5,5,10),(33371,13,'2019-10-23','2019-10-23',5,5,10),(33371,14,'2019-10-23','2019-10-23',5,5,10),(33372,12,'2019-10-23','2019-10-23',5,5,10),(33372,13,'2019-10-23','2019-10-23',5,5,10),(33372,14,'2019-10-23','2019-10-23',5,5,10),(33373,12,'2019-10-23','2019-10-23',5,5,10),(33373,13,'2019-10-23','2019-10-23',5,5,10),(33373,14,'2019-10-23','2019-10-23',5,5,10),(33374,12,'2019-10-23','2019-10-23',5,5,10),(33374,13,'2019-10-23','2019-10-23',5,5,10),(33374,14,'2019-10-23','2019-10-23',5,5,10);
/*!40000 ALTER TABLE `student_performs_assignment` ENABLE KEYS */;
UNLOCK TABLES;

--
-- Table structure for table `subject`
--

DROP TABLE IF EXISTS `subject`;
/*!40101 SET @saved_cs_client     = @@character_set_client */;
/*!40101 SET character_set_client = utf8 */;
CREATE TABLE `subject` (
  `sid` int(11) NOT NULL,
  `year` varchar(10) NOT NULL,
  `semester` int(11) NOT NULL,
  `name` varchar(100) NOT NULL,
  `abbrevation` varchar(10) NOT NULL,
  `theory` tinyint(1) NOT NULL,
  PRIMARY KEY (`sid`),
  UNIQUE KEY `name_2` (`name`),
  UNIQUE KEY `name` (`name`,`abbrevation`),
  UNIQUE KEY `abbrevation` (`abbrevation`),
  UNIQUE KEY `name_3` (`name`),
  UNIQUE KEY `abbrevation_2` (`abbrevation`)
) ENGINE=InnoDB DEFAULT CHARSET=latin1;
/*!40101 SET character_set_client = @saved_cs_client */;

--
-- Dumping data for table `subject`
--

LOCK TABLES `subject` WRITE;
/*!40000 ALTER TABLE `subject` DISABLE KEYS */;
INSERT INTO `subject` VALUES (1,'TE',1,'Theory Of Computation','TOC',1),(2,'TE',1,'Software Lab - I','SL-I',0);
/*!40000 ALTER TABLE `subject` ENABLE KEYS */;
UNLOCK TABLES;

--
-- Table structure for table `teacher`
--

DROP TABLE IF EXISTS `teacher`;
/*!40101 SET @saved_cs_client     = @@character_set_client */;
/*!40101 SET character_set_client = utf8 */;
CREATE TABLE `teacher` (
  `tid` varchar(20) NOT NULL,
  `tname` varchar(30) NOT NULL,
  `abbrevation` varchar(5) DEFAULT 'emp',
  `email` varchar(50) DEFAULT 'gmail',
  PRIMARY KEY (`tid`)
) ENGINE=InnoDB DEFAULT CHARSET=latin1;
/*!40101 SET character_set_client = @saved_cs_client */;

--
-- Dumping data for table `teacher`
--

LOCK TABLES `teacher` WRITE;
/*!40000 ALTER TABLE `teacher` DISABLE KEYS */;
INSERT INTO `teacher` VALUES ('emp1','Dr. Anant Bagade','AB','gmail'),('emp10','Mr. Vishal Jaiswal','VJ','gmail'),('emp11','Mrs. Seema Chandak ','SC','gmail'),('emp12','Mrs. Sumitra Jakhete','SJ','gmail'),('emp13','Mrs. Nisha Sodha','NS','gmail'),('emp14','Mr. Abhinay Dhamankar','AD','gmail'),('emp15','Mr. Jagdish Kamble','JK','gmail'),('emp16','Mr. Hrushhikesh Joshi','HJ','gmail'),('emp17','Mrs. U. Jogalekar','UJ','gmail'),('emp18','Ms. Priyanka Makkar','PM','gmail'),('emp2','Dr. Emmanuel M.','EM','gmail'),('emp3','Dr. Shweta Dharmadhikari','SD','gmail'),('emp37','Mr. Ravi Murumbkar','RM','gmail'),('emp4','Mr. Shyam Deshmukh','SD','gmail'),('emp5','Mr. Sachin Pande','SP','gmail'),('emp6','Mr. Tushar Rane','TR','gmail'),('emp7','Ms. Deepali Londhe','DL','gmail'),('emp8','Mr. Manish Khodaskar','MK','gmail'),('emp9','Mrs. Kirti Digholkar','KD','gmail');
/*!40000 ALTER TABLE `teacher` ENABLE KEYS */;
UNLOCK TABLES;
/*!50003 SET @saved_cs_client      = @@character_set_client */ ;
/*!50003 SET @saved_cs_results     = @@character_set_results */ ;
/*!50003 SET @saved_col_connection = @@collation_connection */ ;
/*!50003 SET character_set_client  = utf8 */ ;
/*!50003 SET character_set_results = utf8 */ ;
/*!50003 SET collation_connection  = utf8_general_ci */ ;
/*!50003 SET @saved_sql_mode       = @@sql_mode */ ;
/*!50003 SET sql_mode              = 'ONLY_FULL_GROUP_BY,STRICT_TRANS_TABLES,NO_ZERO_IN_DATE,NO_ZERO_DATE,ERROR_FOR_DIVISION_BY_ZERO,NO_ENGINE_SUBSTITUTION' */ ;
DELIMITER ;;
/*!50003 CREATE*/ /*!50017 DEFINER=`Manish`@`%`*/ /*!50003 TRIGGER add_authenticate BEFORE INSERT ON teacher
FOR EACH ROW 
BEGIN
	INSERT INTO authenticate VALUES(new.tid,"123456","teacher");
END */;;
DELIMITER ;
/*!50003 SET sql_mode              = @saved_sql_mode */ ;
/*!50003 SET character_set_client  = @saved_cs_client */ ;
/*!50003 SET character_set_results = @saved_cs_results */ ;
/*!50003 SET collation_connection  = @saved_col_connection */ ;
/*!50003 SET @saved_cs_client      = @@character_set_client */ ;
/*!50003 SET @saved_cs_results     = @@character_set_results */ ;
/*!50003 SET @saved_col_connection = @@collation_connection */ ;
/*!50003 SET character_set_client  = utf8 */ ;
/*!50003 SET character_set_results = utf8 */ ;
/*!50003 SET collation_connection  = utf8_general_ci */ ;
/*!50003 SET @saved_sql_mode       = @@sql_mode */ ;
/*!50003 SET sql_mode              = 'ONLY_FULL_GROUP_BY,STRICT_TRANS_TABLES,NO_ZERO_IN_DATE,NO_ZERO_DATE,ERROR_FOR_DIVISION_BY_ZERO,NO_ENGINE_SUBSTITUTION' */ ;
DELIMITER ;;
/*!50003 CREATE*/ /*!50017 DEFINER=`Manish`@`%`*/ /*!50003 TRIGGER delete_authenticate BEFORE DELETE ON teacher
FOR EACH ROW 
BEGIN
	DELETE FROM authenticate WHERE uname = old.tid;
END */;;
DELIMITER ;
/*!50003 SET sql_mode              = @saved_sql_mode */ ;
/*!50003 SET character_set_client  = @saved_cs_client */ ;
/*!50003 SET character_set_results = @saved_cs_results */ ;
/*!50003 SET collation_connection  = @saved_col_connection */ ;

--
-- Table structure for table `teacher_teaches_batch`
--

DROP TABLE IF EXISTS `teacher_teaches_batch`;
/*!40101 SET @saved_cs_client     = @@character_set_client */;
/*!40101 SET character_set_client = utf8 */;
CREATE TABLE `teacher_teaches_batch` (
  `bid` varchar(20) NOT NULL,
  `tid` varchar(20) NOT NULL,
  `sid` int(11) NOT NULL,
  KEY `bid` (`bid`),
  KEY `tid` (`tid`),
  KEY `sid` (`sid`),
  CONSTRAINT `teacher_teaches_batch_ibfk_1` FOREIGN KEY (`bid`) REFERENCES `batch` (`bid`) ON DELETE CASCADE,
  CONSTRAINT `teacher_teaches_batch_ibfk_2` FOREIGN KEY (`tid`) REFERENCES `teacher` (`tid`) ON DELETE CASCADE,
  CONSTRAINT `teacher_teaches_batch_ibfk_3` FOREIGN KEY (`sid`) REFERENCES `subject` (`sid`) ON DELETE CASCADE
) ENGINE=InnoDB DEFAULT CHARSET=latin1;
/*!40101 SET character_set_client = @saved_cs_client */;

--
-- Dumping data for table `teacher_teaches_batch`
--

LOCK TABLES `teacher_teaches_batch` WRITE;
/*!40000 ALTER TABLE `teacher_teaches_batch` DISABLE KEYS */;
INSERT INTO `teacher_teaches_batch` VALUES ('N-11','emp1',2);
/*!40000 ALTER TABLE `teacher_teaches_batch` ENABLE KEYS */;
UNLOCK TABLES;

--
-- Table structure for table `teacher_teaches_class`
--

DROP TABLE IF EXISTS `teacher_teaches_class`;
/*!40101 SET @saved_cs_client     = @@character_set_client */;
/*!40101 SET character_set_client = utf8 */;
CREATE TABLE `teacher_teaches_class` (
  `cid` varchar(20) NOT NULL,
  `tid` varchar(20) NOT NULL,
  `sid` int(11) NOT NULL,
  KEY `cid` (`cid`),
  KEY `tid` (`tid`),
  KEY `sid` (`sid`),
  CONSTRAINT `teacher_teaches_class_ibfk_1` FOREIGN KEY (`cid`) REFERENCES `class` (`cid`) ON DELETE CASCADE,
  CONSTRAINT `teacher_teaches_class_ibfk_2` FOREIGN KEY (`tid`) REFERENCES `teacher` (`tid`) ON DELETE CASCADE,
  CONSTRAINT `teacher_teaches_class_ibfk_3` FOREIGN KEY (`sid`) REFERENCES `subject` (`sid`) ON DELETE CASCADE
) ENGINE=InnoDB DEFAULT CHARSET=latin1;
/*!40101 SET character_set_client = @saved_cs_client */;

--
-- Dumping data for table `teacher_teaches_class`
--

LOCK TABLES `teacher_teaches_class` WRITE;
/*!40000 ALTER TABLE `teacher_teaches_class` DISABLE KEYS */;
INSERT INTO `teacher_teaches_class` VALUES ('TE-11','emp15',1);
/*!40000 ALTER TABLE `teacher_teaches_class` ENABLE KEYS */;
UNLOCK TABLES;

--
-- Table structure for table `termwork`
--

DROP TABLE IF EXISTS `termwork`;
/*!40101 SET @saved_cs_client     = @@character_set_client */;
/*!40101 SET character_set_client = utf8 */;
CREATE TABLE `termwork` (
  `roll_no` int(11) DEFAULT NULL,
  `sid` int(11) DEFAULT NULL,
  `out_of_25` int(11) NOT NULL DEFAULT '0',
  `out_of_50` int(11) NOT NULL DEFAULT '0',
  KEY `roll_no` (`roll_no`),
  KEY `sid_fk` (`sid`),
  CONSTRAINT `sid_fk` FOREIGN KEY (`sid`) REFERENCES `subject` (`sid`) ON DELETE CASCADE,
  CONSTRAINT `termwork_ibfk_1` FOREIGN KEY (`roll_no`) REFERENCES `student` (`roll_no`) ON DELETE CASCADE
) ENGINE=InnoDB DEFAULT CHARSET=latin1;
/*!40101 SET character_set_client = @saved_cs_client */;

--
-- Dumping data for table `termwork`
--

LOCK TABLES `termwork` WRITE;
/*!40000 ALTER TABLE `termwork` DISABLE KEYS */;
INSERT INTO `termwork` VALUES (33355,2,16,32),(33356,2,18,36),(33357,2,17,34),(33358,2,19,38),(33359,2,18,36),(33360,2,17,34),(33361,2,21,42),(33362,2,22,45),(33363,2,21,42),(33364,2,20,40),(33365,2,20,41),(33366,2,20,40),(33367,2,21,43),(33368,2,20,40),(33369,2,17,34),(33370,2,22,44),(33371,2,20,41),(33372,2,18,36),(33373,2,22,44),(33374,2,17,34);
/*!40000 ALTER TABLE `termwork` ENABLE KEYS */;
UNLOCK TABLES;
/*!40103 SET TIME_ZONE=@OLD_TIME_ZONE */;

/*!40101 SET SQL_MODE=@OLD_SQL_MODE */;
/*!40014 SET FOREIGN_KEY_CHECKS=@OLD_FOREIGN_KEY_CHECKS */;
/*!40014 SET UNIQUE_CHECKS=@OLD_UNIQUE_CHECKS */;
/*!40101 SET CHARACTER_SET_CLIENT=@OLD_CHARACTER_SET_CLIENT */;
/*!40101 SET CHARACTER_SET_RESULTS=@OLD_CHARACTER_SET_RESULTS */;
/*!40101 SET COLLATION_CONNECTION=@OLD_COLLATION_CONNECTION */;
/*!40111 SET SQL_NOTES=@OLD_SQL_NOTES */;

-- Dump completed on 2019-10-23 16:02:11
